--
-- PostgreSQL database dump
--

-- Dumped from database version 16.4
-- Dumped by pg_dump version 17.1

-- Started on 2025-12-02 19:50:00

SET statement_timeout = 0;
SET lock_timeout = 0;
SET idle_in_transaction_session_timeout = 0;
SET transaction_timeout = 0;
SET client_encoding = 'UTF8';
SET standard_conforming_strings = on;
SELECT pg_catalog.set_config('search_path', '', false);
SET check_function_bodies = false;
SET xmloption = content;
SET client_min_messages = warning;
SET row_security = off;

SET default_tablespace = '';

SET default_table_access_method = heap;

--
-- TOC entry 222 (class 1259 OID 52224)
-- Name: categoria; Type: TABLE; Schema: public; Owner: postgres
--

CREATE TABLE public.categoria (
    id bigint NOT NULL,
    nombre character varying(100) NOT NULL,
    descripcion text,
    categoria_padre_id bigint,
    nivel integer DEFAULT 1,
    palabras_clave text,
    activa boolean DEFAULT true,
    fecha_creacion timestamp without time zone DEFAULT CURRENT_TIMESTAMP
);


ALTER TABLE public.categoria OWNER TO postgres;

--
-- TOC entry 221 (class 1259 OID 52223)
-- Name: categoria_id_seq; Type: SEQUENCE; Schema: public; Owner: postgres
--

CREATE SEQUENCE public.categoria_id_seq
    AS integer
    START WITH 1
    INCREMENT BY 1
    NO MINVALUE
    NO MAXVALUE
    CACHE 1;


ALTER SEQUENCE public.categoria_id_seq OWNER TO postgres;

--
-- TOC entry 4922 (class 0 OID 0)
-- Dependencies: 221
-- Name: categoria_id_seq; Type: SEQUENCE OWNED BY; Schema: public; Owner: postgres
--

ALTER SEQUENCE public.categoria_id_seq OWNED BY public.categoria.id;


--
-- TOC entry 216 (class 1259 OID 52161)
-- Name: productos; Type: TABLE; Schema: public; Owner: postgres
--

CREATE TABLE public.productos (
    id bigint NOT NULL,
    activo boolean NOT NULL,
    fecha_creacion timestamp(6) without time zone NOT NULL,
    marca character varying(200),
    nombre character varying(500) NOT NULL,
    precio_referencia numeric(10,2),
    categoria_id bigint NOT NULL
);


ALTER TABLE public.productos OWNER TO postgres;

--
-- TOC entry 215 (class 1259 OID 52160)
-- Name: productos_id_seq; Type: SEQUENCE; Schema: public; Owner: postgres
--

CREATE SEQUENCE public.productos_id_seq
    START WITH 1
    INCREMENT BY 1
    NO MINVALUE
    NO MAXVALUE
    CACHE 1;


ALTER SEQUENCE public.productos_id_seq OWNER TO postgres;

--
-- TOC entry 4923 (class 0 OID 0)
-- Dependencies: 215
-- Name: productos_id_seq; Type: SEQUENCE OWNED BY; Schema: public; Owner: postgres
--

ALTER SEQUENCE public.productos_id_seq OWNED BY public.productos.id;


--
-- TOC entry 218 (class 1259 OID 52192)
-- Name: rol; Type: TABLE; Schema: public; Owner: postgres
--

CREATE TABLE public.rol (
    id bigint NOT NULL,
    nombre character varying(50) NOT NULL,
    descripcion text,
    activo boolean DEFAULT true,
    fecha_creacion timestamp without time zone DEFAULT CURRENT_TIMESTAMP
);


ALTER TABLE public.rol OWNER TO postgres;

--
-- TOC entry 217 (class 1259 OID 52191)
-- Name: rol_id_seq; Type: SEQUENCE; Schema: public; Owner: postgres
--

CREATE SEQUENCE public.rol_id_seq
    AS integer
    START WITH 1
    INCREMENT BY 1
    NO MINVALUE
    NO MAXVALUE
    CACHE 1;


ALTER SEQUENCE public.rol_id_seq OWNER TO postgres;

--
-- TOC entry 4924 (class 0 OID 0)
-- Dependencies: 217
-- Name: rol_id_seq; Type: SEQUENCE OWNED BY; Schema: public; Owner: postgres
--

ALTER SEQUENCE public.rol_id_seq OWNED BY public.rol.id;


--
-- TOC entry 224 (class 1259 OID 52245)
-- Name: ticket; Type: TABLE; Schema: public; Owner: postgres
--

CREATE TABLE public.ticket (
    id bigint NOT NULL,
    numero_ticket character varying(50) NOT NULL,
    usuario_id bigint NOT NULL,
    fecha_hora timestamp without time zone DEFAULT CURRENT_TIMESTAMP,
    total numeric(10,2) NOT NULL,
    subtotal numeric(10,2) NOT NULL,
    impuestos numeric(10,2) DEFAULT 0.00,
    descuentos numeric(10,2) DEFAULT 0.00,
    metodo_pago character varying(50),
    estado character varying(20) DEFAULT 'completado'::character varying,
    observaciones text,
    imagen_ticket character varying(255),
    CONSTRAINT subtotal_positivo CHECK ((subtotal >= (0)::numeric)),
    CONSTRAINT total_positivo CHECK ((total >= (0)::numeric))
);


ALTER TABLE public.ticket OWNER TO postgres;

--
-- TOC entry 223 (class 1259 OID 52244)
-- Name: ticket_id_seq; Type: SEQUENCE; Schema: public; Owner: postgres
--

CREATE SEQUENCE public.ticket_id_seq
    AS integer
    START WITH 1
    INCREMENT BY 1
    NO MINVALUE
    NO MAXVALUE
    CACHE 1;


ALTER SEQUENCE public.ticket_id_seq OWNER TO postgres;

--
-- TOC entry 4925 (class 0 OID 0)
-- Dependencies: 223
-- Name: ticket_id_seq; Type: SEQUENCE OWNED BY; Schema: public; Owner: postgres
--

ALTER SEQUENCE public.ticket_id_seq OWNED BY public.ticket.id;


--
-- TOC entry 226 (class 1259 OID 52267)
-- Name: ticket_items; Type: TABLE; Schema: public; Owner: postgres
--

CREATE TABLE public.ticket_items (
    id bigint NOT NULL,
    ticket_id bigint NOT NULL,
    producto_id bigint NOT NULL,
    cantidad integer NOT NULL,
    precio_unitario numeric(10,2) NOT NULL,
    subtotal numeric(10,2) NOT NULL,
    descuento numeric(10,2) DEFAULT 0.00,
    CONSTRAINT cantidad_positiva CHECK ((cantidad > 0)),
    CONSTRAINT precio_positivo CHECK ((precio_unitario > (0)::numeric))
);


ALTER TABLE public.ticket_items OWNER TO postgres;

--
-- TOC entry 225 (class 1259 OID 52266)
-- Name: ticket_items_id_seq; Type: SEQUENCE; Schema: public; Owner: postgres
--

CREATE SEQUENCE public.ticket_items_id_seq
    AS integer
    START WITH 1
    INCREMENT BY 1
    NO MINVALUE
    NO MAXVALUE
    CACHE 1;


ALTER SEQUENCE public.ticket_items_id_seq OWNER TO postgres;

--
-- TOC entry 4926 (class 0 OID 0)
-- Dependencies: 225
-- Name: ticket_items_id_seq; Type: SEQUENCE OWNED BY; Schema: public; Owner: postgres
--

ALTER SEQUENCE public.ticket_items_id_seq OWNED BY public.ticket_items.id;


--
-- TOC entry 220 (class 1259 OID 52205)
-- Name: usuarios; Type: TABLE; Schema: public; Owner: postgres
--

CREATE TABLE public.usuarios (
    id bigint NOT NULL,
    nombre character varying(100) NOT NULL,
    apellido character varying(100),
    email character varying(150) NOT NULL,
    password character varying(255) NOT NULL,
    telefono character varying(20),
    rol_id bigint NOT NULL,
    activo boolean DEFAULT true,
    fecha_registro timestamp without time zone DEFAULT CURRENT_TIMESTAMP,
    ultima_sesion timestamp without time zone,
    CONSTRAINT email_valido CHECK (((email)::text ~* '^[A-Za-z0-9._%+-]+@[A-Za-z0-9.-]+\.[A-Za-z]{2,}$'::text))
);


ALTER TABLE public.usuarios OWNER TO postgres;

--
-- TOC entry 219 (class 1259 OID 52204)
-- Name: usuarios_id_seq; Type: SEQUENCE; Schema: public; Owner: postgres
--

CREATE SEQUENCE public.usuarios_id_seq
    AS integer
    START WITH 1
    INCREMENT BY 1
    NO MINVALUE
    NO MAXVALUE
    CACHE 1;


ALTER SEQUENCE public.usuarios_id_seq OWNER TO postgres;

--
-- TOC entry 4927 (class 0 OID 0)
-- Dependencies: 219
-- Name: usuarios_id_seq; Type: SEQUENCE OWNED BY; Schema: public; Owner: postgres
--

ALTER SEQUENCE public.usuarios_id_seq OWNED BY public.usuarios.id;


--
-- TOC entry 4720 (class 2604 OID 52286)
-- Name: categoria id; Type: DEFAULT; Schema: public; Owner: postgres
--

ALTER TABLE ONLY public.categoria ALTER COLUMN id SET DEFAULT nextval('public.categoria_id_seq'::regclass);


--
-- TOC entry 4713 (class 2604 OID 52164)
-- Name: productos id; Type: DEFAULT; Schema: public; Owner: postgres
--

ALTER TABLE ONLY public.productos ALTER COLUMN id SET DEFAULT nextval('public.productos_id_seq'::regclass);


--
-- TOC entry 4714 (class 2604 OID 52313)
-- Name: rol id; Type: DEFAULT; Schema: public; Owner: postgres
--

ALTER TABLE ONLY public.rol ALTER COLUMN id SET DEFAULT nextval('public.rol_id_seq'::regclass);


--
-- TOC entry 4724 (class 2604 OID 52328)
-- Name: ticket id; Type: DEFAULT; Schema: public; Owner: postgres
--

ALTER TABLE ONLY public.ticket ALTER COLUMN id SET DEFAULT nextval('public.ticket_id_seq'::regclass);


--
-- TOC entry 4729 (class 2604 OID 52355)
-- Name: ticket_items id; Type: DEFAULT; Schema: public; Owner: postgres
--

ALTER TABLE ONLY public.ticket_items ALTER COLUMN id SET DEFAULT nextval('public.ticket_items_id_seq'::regclass);


--
-- TOC entry 4717 (class 2604 OID 52380)
-- Name: usuarios id; Type: DEFAULT; Schema: public; Owner: postgres
--

ALTER TABLE ONLY public.usuarios ALTER COLUMN id SET DEFAULT nextval('public.usuarios_id_seq'::regclass);


--
-- TOC entry 4912 (class 0 OID 52224)
-- Dependencies: 222
-- Data for Name: categoria; Type: TABLE DATA; Schema: public; Owner: postgres
--

COPY public.categoria (id, nombre, descripcion, categoria_padre_id, nivel, palabras_clave, activa, fecha_creacion) FROM stdin;
1	Alimentos	Productos alimenticios y comestibles	\N	1	comida, alimentos, bebidas, snacks, pan, dulces, botanas	t	2025-12-02 23:11:39.386648
2	Bebidas Alcohólicas	Bebidas con contenido alcohólico	\N	1	cerveza, vino, licor, alcohol, bebidas alcohólicas	t	2025-12-02 23:11:39.386648
3	Tabaco	Productos de tabaco y afines	\N	1	cigarro, tabaco, cigarrillos, vaper	t	2025-12-02 23:11:39.386648
4	Productos Generales	Productos diversos y generales	\N	1	productos, artículos, mercancía	t	2025-12-02 23:11:39.386648
5	Combustibles	Gasolina, diesel y combustibles	\N	1	gasolina, diesel, combustible, magna, premium	t	2025-12-02 23:11:39.386648
6	Otros	Otros productos no clasificados	\N	1	varios, otros, misceláneos	t	2025-12-02 23:11:39.386648
\.


--
-- TOC entry 4906 (class 0 OID 52161)
-- Dependencies: 216
-- Data for Name: productos; Type: TABLE DATA; Schema: public; Owner: postgres
--

COPY public.productos (id, activo, fecha_creacion, marca, nombre, precio_referencia, categoria_id) FROM stdin;
1229	t	2025-12-02 23:13:06.374999	Caramel	Caramel Frappuccino Alto	94.83	2
1230	t	2025-12-02 23:13:06.374999	\N	leche deslactosada	17.24	3
1231	t	2025-12-02 23:13:06.374999	CHOCOLATINES	CHOCOLATINES CHAROLA 98GR	29.63	1
1232	t	2025-12-02 23:13:06.374999	Doritos	DORITOS NACHO 61GR	25.00	1
1233	t	2025-12-02 23:13:06.374999	REFRESCO	REFRESCO COCACOLA NO RETORNABLE 450 ML BOTELLAREGULAR	14.66	3
1234	t	2025-12-02 23:13:06.374999	Coca Cola	COCA COLA PET 450ML	15.95	2
1235	t	2025-12-02 23:13:06.374999	Pan	Pan de Elote 1pz Bakery	20.00	1
1236	t	2025-12-02 23:13:06.374999	Energizer	Energizer Pila Recargable AA Paquete de 2 Pilas	93.02	4
1237	t	2025-12-02 23:13:06.374999	PERFIL	PERFIL TUBULAR RECTANGULAR 2"X2" C-14 C/6MT	412.07	6
1238	t	2025-12-02 23:13:06.374999	SOLDADURA	SOLDADURA INFRA/FLEXARC 6013 1/8" PUNTA NARANJA KG	23.84	1
1239	t	2025-12-02 23:13:06.374999	SOLDADURA	SOLDADURA INFRA/CHAMPION 6013 3/32" KG	27.89	1
1240	t	2025-12-02 23:13:06.374999	LENTES	LENTES MILWAUKEE GRIS ANTIRAYADURAS	276.64	2
1241	t	2025-12-02 23:13:06.374999	VIDRIO	VIDRIO PARA CARETA 12 SOMBRAS	6.98	3
1242	t	2025-12-02 23:13:06.374999	Epura	Epura 20 Lts Policarbonato	104.00	5
1243	t	2025-12-02 23:13:06.374999	Premium	Premium (Despacho 8529691-0)	696.07	4
1244	t	2025-12-02 23:13:06.374999	PEMEX	PEMEX MAGNA	617.54	4
1245	t	2025-12-02 23:13:06.374999	SERVICIO	SERVICIO DE TRANSPORTE DE PRIMERA PLUS CYA-MORE 16/10/2025 COMPLETO, NIDIA TORALBA. VTA REALIZADA EN CELAYA GUANAJUATO, Av. Anto	288.79	6
1246	t	2025-12-02 23:13:06.374999	ACEITE	ACEITE ATF III/MERCON AKRON 94	179.31	3
1247	t	2025-12-02 23:13:06.374999	GRANITA	GRANITA CAPPUCCINO	71.55	4
1248	t	2025-12-02 23:13:06.374999	STRUDEL	STRUDEL MANZANA	38.79	1
1249	t	2025-12-02 23:13:06.374999	Habitacion	Habitacion	12540.00	3
1250	t	2025-12-02 23:13:06.374999	BISQUETS	BISQUETS ENERGY BISQUETS LA INTEGRAL 180 GR BOLSA CHOCOLATE	31.48	1
1251	t	2025-12-02 23:13:06.374999	Lala	UHT LALA 100 PROT REDUC GRASA 1 LT PL	44.90	4
1252	t	2025-12-02 23:13:06.374999	SANDWICH	SANDWICH KIRLUNCH TRIPLE INTEGRAL JAMON PAVO 180G	56.00	6
1253	t	2025-12-02 23:13:06.374999	MAGNA	MAGNA	869.58	3
1254	t	2025-12-02 23:13:06.374999	BP	BP REGULAR 87 OCTANOS	519.21	5
1255	t	2025-12-02 23:13:06.374999	MVPIZZA	MVPIZZA and STIX	109.77	6
1256	t	2025-12-02 23:13:06.374999	Crazy	Crazy Bread	26.92	1
1257	t	2025-12-02 23:13:06.374999	Crazy	Crazy Sauce	13.12	1
1258	t	2025-12-02 23:13:06.374999	Refresco	Refresco 600mL	13.12	4
1259	t	2025-12-02 23:13:06.374999	Crazy	Crazy Puffs Pepperoni	42.24	3
1260	t	2025-12-02 23:13:06.374999	Alimento	Alimento Congelado	50.00	4
1261	t	2025-12-02 23:13:06.374999	\N	59050T MULTA ADMINISTRATIVA ART. 47 R.T.V.M.H.	2036.52	4
1262	t	2025-12-02 23:13:06.374999	\N	9999 REDONDEO (ART. 27 DEL COD. FIN.)	0.39	1
1263	t	2025-12-02 23:13:06.374999	Clásica	Clásica de Pepperoni	85.35	1
1264	t	2025-12-02 23:13:06.374999	Refresco	Refresco 2L	38.79	4
1265	t	2025-12-02 23:13:06.374999	SUPREME+	SUPREME+	554.02	4
1266	t	2025-12-02 23:13:06.374999	TIMBER	TIMBER ROUND ANTHRACITE 160 CM	1999.14	6
1267	t	2025-12-02 23:13:06.374999	RECARGA	RECARGA IDMX	344.83	4
1268	t	2025-12-02 23:13:06.374999	PAN	PAN DULCE CUERNITOS TIA ROSA 100 GR BOLSA	86.11	1
1269	t	2025-12-02 23:13:06.374999	Ciel	AGUA PURIFICADA CIEL 2 LTS	25.00	1
1270	t	2025-12-02 23:13:06.374999	MOKA	MOKA CAPUCCINO CAFE OLE 281 ML BOTELLA	66.00	1
1271	t	2025-12-02 23:13:06.374999	CUERNO	CUERNO 90GR	26.58	3
1272	t	2025-12-02 23:13:06.374999	KOTEX	KOTEX NOTCURNA ULTRADELGADA CA 10S	21.90	6
1273	t	2025-12-02 23:13:06.374999	PEDIDO	PEDIDO ESPECIAL	735.00	4
1274	t	2025-12-02 23:13:06.374999	CUERNITO	CUERNITO LONCHIBON JAMON Y QUESO 135G	35.78	1
1275	t	2025-12-02 23:13:06.374999	CUERNITO	CUERNITO LONCHIBON PHILADELPHIA 150G	35.78	1
1276	t	2025-12-02 23:13:06.374999	YOPLAIT	YOPLAIT BEBER FRESA 470 G	31.00	3
1277	t	2025-12-02 23:13:06.374999	GALLETAS	GALLETAS INTEGRALES ARANDANO BITZ 80G	25.93	6
1278	t	2025-12-02 23:13:06.374999	Servicios	Servicios de entrega local de cartas o paquetes pequeños	177.77	1
1279	t	2025-12-02 23:13:06.374999	Emparedados	Emparedados (Club Sandwich)	241.38	1
1280	t	2025-12-02 23:13:06.374999	Pizza	Pizza Primavera	256.90	1
1281	t	2025-12-02 23:13:06.374999	Energizer	PILAS ENERGIZER MAX 4 PZ BLISTER AAA	131.03	4
1282	t	2025-12-02 23:13:06.374999	CLORALEX	CLORALEX RENDIDOR 950ML	15.09	4
1283	t	2025-12-02 23:13:06.374999	Bonafont	AGUA NATURAL BONAFONT 1.5 LT BOTELLA	90.00	3
1284	t	2025-12-02 23:13:06.374999	Pasti	Pasti Galletas kg	101.07	1
1285	t	2025-12-02 23:13:06.374999	Cuerno	Cuerno Danes	55.56	1
1286	t	2025-12-02 23:13:06.374999	Concha	Concha Premium Vai	18.52	3
1287	t	2025-12-02 23:13:06.374999	Mini	Mini Cuerno	22.22	1
1288	t	2025-12-02 23:13:06.374999	Manz	Manz Granny Smith	38.46	4
1289	t	2025-12-02 23:13:06.374999	PH	PH Klx 100 Anos 4R	25.00	4
1290	t	2025-12-02 23:13:06.374999	Blue	Blue Berry Jumbo 2	119.00	3
1291	t	2025-12-02 23:13:06.374999	Frambuesa	Frambuesa Domo170g	59.90	4
1292	t	2025-12-02 23:13:06.374999	Cf	Cf Ole Moka 281ml	62.00	5
1293	t	2025-12-02 23:13:06.374999	Tortilla	Tortilla maiz 500	9.90	1
1294	t	2025-12-02 23:13:06.374999	BOLSA	BOLSA REUTILIZABLE	8.62	4
1295	t	2025-12-02 23:13:06.374999	Desinf	Desinf Sbrand 20ml	20.26	4
1296	t	2025-12-02 23:13:06.374999	Leche	Leche Sta Clara Fr	12.00	3
1297	t	2025-12-02 23:13:06.374999	Leche	Leche Sta Clara Ch	12.00	3
1298	t	2025-12-02 23:13:06.374999	Ciel	Ciel Six Pack 1 Lt	42.00	3
1299	t	2025-12-02 23:13:06.374999	Pech	Pech Pavo SRF 250	115.00	5
1300	t	2025-12-02 23:13:06.374999	Lala	Queso Lala Mancheg	102.00	1
1301	t	2025-12-02 23:13:06.374999	Beb	Beb Jum Nar 1.89 L	52.00	4
1302	t	2025-12-02 23:13:06.374999	Te	Te Mccormick 25 So	22.00	3
1303	t	2025-12-02 23:13:06.374999	Mayo	Mayo McCormic 105g	22.50	1
1304	t	2025-12-02 23:13:06.374999	Mer	Mer St. D Hig 284g	99.00	4
1305	t	2025-12-02 23:13:06.374999	YChobaniNatura907g	YChobaniNatura907g	155.00	4
1306	t	2025-12-02 23:13:06.374999	TERRONES	TERRONES AVENA ARANDANO 160 G	61.11	4
1307	t	2025-12-02 23:13:06.374999	Ciel	AGUA PURIFICADA CIEL 1.5 LT BOTE	23.00	1
1308	t	2025-12-02 23:13:06.374999	Coca Cola	COCA COLA REGULAR CHUBBY 355ML PET	15.52	3
1309	t	2025-12-02 23:13:06.374999	OREO	OREO GOLDEN 105G	14.82	4
1310	t	2025-12-02 23:13:06.374999	OREO	OREO 10PZ 114G	14.82	5
1311	t	2025-12-02 23:13:06.374999	TRANSPORTE	TRANSPORTE TERRESTRE DE PASAJEROS HACIA Y/O DESDE EL AEROPUERTO	1400.00	5
1312	t	2025-12-02 23:13:06.374999	VIAJE	VIAJE AIFA - BUENAVISTA	600.00	3
1313	t	2025-12-02 23:13:06.374999	PAPEL	PAPEL ADHESIVO LASER, INK JET	67.24	3
1314	t	2025-12-02 23:13:06.374999	PAPEL	PAPEL OFFICE DEPOT CARTA RESMA, Fecha del pedimento:	76.72	1
1315	t	2025-12-02 23:13:06.374999	Capuccino	Capuccino Grande	55.17	5
1316	t	2025-12-02 23:13:06.374999	Chapata	Chapata Con Panela Y Pavo	126.00	1
1317	t	2025-12-02 23:13:06.374999	Lala	YOG LALA BEB FRESA 440 GR	33.50	1
1318	t	2025-12-02 23:13:06.374999	Bimbo	DONAS BIMBO 6PZ 158G	30.56	4
1319	t	2025-12-02 23:13:06.374999	PENAFIEL	PENAFIEL MANGADA 600ML NR	16.81	3
1320	t	2025-12-02 23:13:06.374999	GALLETAS	GALLETAS INTEGRALES PINA BITZ 80G	14.35	6
1321	t	2025-12-02 23:13:06.374999	R20OZ	R20OZ CAPUCHINO VAINILLA	29.31	4
1322	t	2025-12-02 23:13:06.374999	RANCHERITOS	RANCHERITOS SALSA NEGRA 58GR	24.07	1
1323	t	2025-12-02 23:13:06.374999	ELECTROLIT	ELECTROLIT UVA 1L	45.00	4
1324	t	2025-12-02 23:13:06.374999	HOLANDA	HOLANDA HEL MORDISKO CLAS VAIN 24X105ML	29.50	4
1325	t	2025-12-02 23:13:06.374999	Lala	LECHE PAST LALA DESLAC 2% 1.80 LT PL PG	141.00	6
1326	t	2025-12-02 23:13:06.374999	CANELITAS	CANELITAS 12P 120G FLOW MLA	59.26	5
1327	t	2025-12-02 23:13:06.374999	POLVORONES	POLVORONES 8P 148G FLOW MLA	34.26	5
1328	t	2025-12-02 23:13:06.374999	MADALENAS	MADALENAS 1P 44G	83.33	3
1329	t	2025-12-02 23:13:06.421024	Marinela	PASTELITO GANSITO MARINELA 50 GR BOLSA CHOCOLATE	171.30	1
1330	t	2025-12-02 23:13:06.421024	MANTECADAS	MANTECADAS VAINILLA 3PZ TIA ROSA 157G	105.56	4
1331	t	2025-12-02 23:13:06.421024	MINI	MINI BARRITA FRESA 222G MLA	80.56	4
1332	t	2025-12-02 23:13:06.421024	Pepsi	REFRESCO DE COLA PEPSI 400 ML BOTE NO RETORNABLE	129.31	4
1333	t	2025-12-02 23:13:06.421024	REFRESCO	REFRESCO COCACOLA 600 ML BOTELLA NO RETORNABLE COLA LIGHT	95.69	5
1334	t	2025-12-02 23:13:06.421024	JOYA	JOYA MANZANA 400ML NR	55.17	3
1335	t	2025-12-02 23:13:06.421024	MICA	MICA OD 5MIL 100PZ 22.9X29.2CM, Fecha del pedimento:	430.17	1
1336	t	2025-12-02 23:13:06.421024	PAPIRRINGAS	PAPIRRINGAS LEO 100G	29.63	4
1337	t	2025-12-02 23:13:06.421024	GATORADE	GATORADE SIN AZUCAR FRAMBUESA 1LT	36.21	2
1338	t	2025-12-02 23:13:06.421024	TOPO	TOPO CHICO TWIST TORONJA 600ML NR NR	18.53	3
1339	t	2025-12-02 23:13:06.421024	PALETA	PALETA KIT KAT MILK REF 71GR	41.67	5
1340	t	2025-12-02 23:13:06.421024	TRAPOS	TRAPOS INDUSTRIALES	353.45	5
1341	t	2025-12-02 23:13:06.421024	COP-IMP	COP-IMP BOND CARTA B N 1-99H	84.05	4
1342	t	2025-12-02 23:13:06.421024	MM	MM AGUA 18PZ	441.96	4
1343	t	2025-12-02 23:13:06.421024	POWERADE	POWERADE 1LT	492.10	2
1344	t	2025-12-02 23:13:06.421024	R20OZ	R20OZ CAPUCHINO REGULAR	29.31	6
1345	t	2025-12-02 23:13:06.421024	FRITOS	FRITOS CHORIZO 170GR	48.61	1
1346	t	2025-12-02 23:13:06.421024	ELECTROLIT	ELECTROLIT FRESA KIWI 625ML	39.00	5
1347	t	2025-12-02 23:13:06.421024	TRIDENT	TRIDENT VAL U PACK YERBABUENA 18S	26.29	4
1348	t	2025-12-02 23:13:06.421024	\N	16OZ KREA CAPUCHINO MOKA	32.76	2
1349	t	2025-12-02 23:13:06.421024	R16OZ	R16OZ KREA CAPUCHINO REGULAR	27.59	6
1350	t	2025-12-02 23:13:06.421024	MANGUITOS	MANGUITOS ENCHILADOS LUCKY GUMMYS 96G	25.93	1
1351	t	2025-12-02 23:13:06.421024	KARATE	KARATE JAP 127GR	27.78	6
1352	t	2025-12-02 23:13:06.421024	ELECTROLIT	ELECTROLIT UVA 625 ML	39.00	4
1353	t	2025-12-02 23:13:06.421024	SKWINKLOTE	SKWINKLOTE SANDIA 40GR	21.30	4
1354	t	2025-12-02 23:13:06.421024	ALMENDRAS	ALMENDRAS BITZ CUBIERTA SABOR CHOCOLATE 40 GRS	18.52	1
1355	t	2025-12-02 23:13:06.421024	TUR	TUR 70% CACAO TABLETA CS 151816G	22.22	1
1356	t	2025-12-02 23:13:06.421024	GALLETA	GALLETA LA OLIVA DE CHOCO CHIPS 60GR	17.13	1
1357	t	2025-12-02 23:13:06.421024	FITCHIPS	FITCHIPS CAMOTE JALAPENO 45G	24.07	3
1358	t	2025-12-02 23:13:06.421024	Bonafont	AGUA NATURAL BONAFONT 1 LT BOTELLA	17.00	3
1359	t	2025-12-02 23:13:06.421024	Servicio	Servicio de comida rC!pida	106.03	4
1360	t	2025-12-02 23:13:06.421024	TRIKITR	TRIKITR GALL C/8 69GR	32.50	1
1361	t	2025-12-02 23:13:06.421024	AE-ESTACIONAMIENTO	AE-ESTACIONAMIENTO PUB. GRAL.	50.00	2
1362	t	2025-12-02 23:13:06.421024	SUPREME	SUPREME	655.89	4
1363	t	2025-12-02 23:13:06.421024	COMISION	COMISION RECARGA IDMX	8.62	4
1364	t	2025-12-02 23:13:06.421024	BRAN	BRAN FR BARR FRESA 58GR	41.00	4
1365	t	2025-12-02 23:13:06.421024	BONAFON	BONAFON AGUA 1LT	18.50	3
1366	t	2025-12-02 23:13:06.421024	VASO	VASO CAPUCCINO NL 16OZ	26.72	2
1367	t	2025-12-02 23:13:06.421024	MAGNUM	MAGNUM ALMENDRAS 90ML	44.91	2
1368	t	2025-12-02 23:13:06.421024	PALETA	PALETA NESTLE SABOR LIMON 2583G NAL	32.00	1
1369	t	2025-12-02 23:13:06.421024	PANDITAS	PANDITAS CLASICOS 65G CTR RIC	24.54	1
1370	t	2025-12-02 23:13:06.421024	CREMAX	CREMAX VAINILLA RG3 113GRX36X1	22.69	4
1371	t	2025-12-02 23:13:06.421024	Jumex	JUMEXITO MINI200ML J FRUTASTROPICALES	20.00	3
1372	t	2025-12-02 23:13:06.421024	PANDITAS	PANDITAS CLASICOS 115 GR	37.04	1
1373	t	2025-12-02 23:13:06.421024	Epura	AGUA PURIFICADA EPURA 600 ML BOTE	14.00	4
1374	t	2025-12-02 23:13:06.421024	DOUBLEMINT	DOUBLEMINT SLIMPACK 37.5 GR 15S	32.33	5
1375	t	2025-12-02 23:13:06.421024	Coca Cola	COCA COLA SA 600 ML NR	19.40	4
1376	t	2025-12-02 23:13:06.421024	CHICHARRON	CHICHARRON DE CERDO NATURAL BITZ 120 GR	64.00	1
1377	t	2025-12-02 23:13:06.421024	TACOS	TACOS DE RES	175.93	1
1378	t	2025-12-02 23:13:06.421024	TACOS	TACOS DE PASTOR	175.93	1
1379	t	2025-12-02 23:13:06.421024	JARRA	JARRA DE JAMAICA	134.26	3
1380	t	2025-12-02 23:13:06.421024	LIQUIDOS	LIQUIDOS	363.00	2
1381	t	2025-12-02 23:13:06.421024	PREMIUM	PREMIUM	863.84	4
1382	t	2025-12-02 23:13:06.421024	RENTA	RENTA DE HABITACION	909.00	3
1383	t	2025-12-02 23:13:06.421024	MAGNA	MAGNA (Despacho 12799602-0)	1196.06	6
1384	t	2025-12-02 23:13:06.421024	GATORADE	GATORADE UVA 1 LT	36.21	2
1385	t	2025-12-02 23:13:06.421024	GATORADE	GATORADE MORAS BLACK ICE 1LT	34.48	2
1386	t	2025-12-02 23:13:06.421024	SANGRIA	SANGRIA CASERA ORIGINAL 600ML NR	17.24	4
1387	t	2025-12-02 23:13:06.421024	AMPER	AMPER SHARK 473ML	39.66	4
1388	t	2025-12-02 23:13:06.421024	MAZAPAN	MAZAPAN 40 GR	10.19	5
1389	t	2025-12-02 23:13:06.421024	SUEROX	SUEROX ADULTO SABOR FRESA 630ML12	23.28	4
1390	t	2025-12-02 23:13:06.421024	MARIAS	MARIAS POSTRECITOS PAY MANGO 70GR	36.00	1
1391	t	2025-12-02 23:13:06.421024	Bimbo	PAN DULCE REBANADAS BIMBO 55 GR BOLSA GLASS	15.28	1
1392	t	2025-12-02 23:13:06.421024	ROLES	ROLES GLASS 3P 205G BIM	31.48	2
1393	t	2025-12-02 23:13:06.421024	AMPER	AMPER ENERGY DRINK 473ML	39.66	2
1394	t	2025-12-02 23:13:06.421024	RENTA	RENTA HABITACION	1785.00	1
1395	t	2025-12-02 23:13:06.421024	Habitaciones	Habitaciones	4350.00	3
1396	t	2025-12-02 23:13:06.421024	SERVICIO	SERVICIO TRANSPORTE DE PASAJEROS 06-11-2025 07:00 MXN - QRO HUMBERTO CONTRERAS MXNE1600159569978	433.19	5
1397	t	2025-12-02 23:13:06.421024	SERVICIO	SERVICIO TRANSPORTE DE PASAJEROS QRO - MXN HUMBERTO CONTRERAS MXNE1600159569979	239.22	5
1398	t	2025-12-02 23:13:06.421024	SERVICIOS	SERVICIOS DE BUSES CON HORARIOS PROGRAMADOS-SERVICIOS DE VIAJE ADO GL PUEBLA CAPU-XALAPA FOL. 020165932351 ASIENTO. 22 19/11/202	441.38	6
1399	t	2025-12-02 23:13:06.421024	SERVICIOS	SERVICIOS DE BUSES CON HORARIOS PROGRAMADOS-SERVICIOS DE VIAJE ADO GL XALAPA-MEXICO TAPO FOL. 110164679612 ASIENTO. 26 20/11/202	710.34	6
1400	t	2025-12-02 23:13:06.421024	Ciel	AGUA PURIFICADA CIEL 19 LT BOTE	163.50	1
1401	t	2025-12-02 23:13:06.421024	BOLSA	BOLSA DE HIELO 4KG	76.00	4
1402	t	2025-12-02 23:13:06.421024	HIELO	HIELO GLADIATOR 5KG	126.00	5
1403	t	2025-12-02 23:13:06.421024	CERCHA	CERCHA PERFORADA 10 MTS CPF10	325.95	6
1404	t	2025-12-02 23:13:06.421024	TUERCA	TUERCA ESTANDAR 3/16 + TCAGAL316	65.14	4
1405	t	2025-12-02 23:13:06.421024	TORNILLO	TORNILLO EST RED (09) 3/16 x 3/4 + TMR3634	65.14	6
1406	t	2025-12-02 23:13:06.421024	COP-IMP	COP-IMP BOND CARTA COLOR 1-49H	54.81	4
1407	t	2025-12-02 23:13:06.421024	LIBRETA	LIBRETA TRANSITO OD AZUL	69.44	1
1408	t	2025-12-02 23:13:06.421024	PROTECTOR	PROTECTOR OFFICE DEPOT XR81008, Fecha del pedimento: 2025-01-16 16:23:00	82.41	4
1409	t	2025-12-02 23:13:06.421024	ENVASE	ENVASE GARRAFON DE AGUA PURIFICADA 20 LT	193.71	1
1410	t	2025-12-02 23:13:06.421024	Ciel	AGUA PURIFICADA CIEL 20 LT BOTE	360.00	1
1411	t	2025-12-02 23:13:06.421024	Bonafont	AGUA PURIFICADA BONAFONT 20 LT GARRAFON	186.00	1
1412	t	2025-12-02 23:13:06.421024	MARCADOR	MARCADOR	79.31	4
1413	t	2025-12-02 23:13:06.421024	BOLGRAFO	BOLGRAFO B	39.66	4
1414	t	2025-12-02 23:13:06.421024	CORREC	CORREC	36.21	4
1415	t	2025-12-02 23:13:06.421024	BOL	BOL N 10P	70.69	4
1416	t	2025-12-02 23:13:06.421024	BICOLOR	BICOLOR	50.00	2
1417	t	2025-12-02 23:13:06.421024	Ciel	CIEL6PK 1L	92.00	3
1418	t	2025-12-02 23:13:06.421024	MINI	MINI DONA 900 GRAMOS KIRKLAND SIGNATURE	86.70	4
1419	t	2025-12-02 23:13:06.421024	CROISSANT	CROISSANT PAVO/POLLO MOLE/ESPAÑOL KIRKLAND SIGNATURE	686.98	1
1420	t	2025-12-02 23:13:06.421024	Boing	SURTIDO DE SABORES 24/500 ML BOING	298.95	4
1421	t	2025-12-02 23:13:06.421024	SERVICIO	SERVICIO DE TRANSPORTE DE PRIMERA PLUS MEX-AGS 28/10/2025 COMPLETO, MA DEL CARMEN RAMIRE. VTA REALIZADA EN Delg. Gustavo A. Made	810.34	5
1422	t	2025-12-02 23:13:06.421024	Facturacion	Facturacion	193.97	4
1423	t	2025-12-02 23:13:06.421024	Alimentos	Alimentos preparados a domicilio	68.10	3
1424	t	2025-12-02 23:13:06.421024	E	E PURA 600 ML	25.00	4
1425	t	2025-12-02 23:13:06.421024	CHIPS	CHIPS JALAPEÑO 60 GR BAR	34.26	1
1426	t	2025-12-02 23:13:06.421024	COP-IMP	COP-IMP BOND CTA B&N 100-499H	363.27	3
1427	t	2025-12-02 23:13:06.421024	CARPETA	CARPETA BRILLANTE 1/2" AZUL O	76.72	4
1428	t	2025-12-02 23:13:06.421024	TAPÓN	TAPÓN CUBRE-TALADROS ROSCADO	439.66	4
1429	t	2025-12-02 23:13:06.464036	BROCA	BROCA SIERRA BI METÁLICA DE 1 PULG.	1155.17	1
1430	t	2025-12-02 23:13:06.464036	BROCA	BROCA DIAMANTADA PARA PORCELANATO 1	771.55	1
1431	t	2025-12-02 23:13:06.464036	Del Valle	DEL VALLE PET N DZO 61LT	30.50	1
1432	t	2025-12-02 23:13:06.464036	HIELERA	HIELERA IMPRESA OXXO FANOSA 1 PZ BOLSA 21 LT	95.26	5
1433	t	2025-12-02 23:13:06.464036	CACAHUATE	CACAHUATE TAJIN BITZ 160 GR	20.37	1
1434	t	2025-12-02 23:13:06.464036	BOLSA	BOLSA BIOPLASTICA OXXO 1PZ	1.72	6
1435	t	2025-12-02 23:13:06.464036	Marinela	PASTELITO CHOCO ROLES MARINELA 80 GR BOLSA CHOCOLATE Y PINA	25.46	1
1436	t	2025-12-02 23:13:06.464036	CACAHUATES	CACAHUATES SKWINKLES CHUNKS BITZ 142G	44.44	1
1437	t	2025-12-02 23:13:06.464036	SERVICIO	SERVICIO DE VIAJE - BOLETO: 60636179 - Tepic a Culiacan - Rafael Pacheco	1000.00	6
1438	t	2025-12-02 23:13:06.464036	SERVICIOS	SERVICIOS DE CAFETERIA	391.59	1
1439	t	2025-12-02 23:13:06.464036	Desayuno	Desayuno Buffet	331.90	1
1440	t	2025-12-02 23:13:06.464036	CAFE	CAFE ANDATTI SOLUBLE DESCAFEINADO 50G	56.90	3
1441	t	2025-12-02 23:13:06.464036	Mobil	Mobil Synergy Extra (CN) ID:32011 (Precio x ud. $ 23.57)	754.85	6
1442	t	2025-12-02 23:13:06.464036	SERVICIO	SERVICIO DE VIAJE - BOLETO: 60667850 - Culiacan a Tepic - RAFAEL PACHECO	1010.34	6
1443	t	2025-12-02 23:13:06.464036	SERVICIOS	SERVICIOS DE BUSES CON HORARIOS PROGRAMADOS-SERVICIOS DE VIAJE ADO MEXICO TAPO MXD-TEHUACAN FOL. 010163953336 ASIENTO. 25 13/11/	380.17	6
1444	t	2025-12-02 23:13:06.464036	LLANTA	LLANTA NUEVA 185/65/14	2600.00	5
1445	t	2025-12-02 23:13:06.464036	CABLE	CABLE THWN/THHN 8 RO (VIAK)500M (LM	648.15	6
1446	t	2025-12-02 23:13:06.464036	CABLE	CABLE THWN/THHN 8 NE (VIAK)500M (LM	648.15	6
1447	t	2025-12-02 23:13:06.464036	CABLE	CABLE THWN/THHN 8 BL (VIAK)500M (LM	648.15	6
1448	t	2025-12-02 23:13:06.464036	CABLE	CABLE THWN/THHN 10 NE (VIAK)1000M (	283.33	6
1449	t	2025-12-02 23:13:06.464036	CABLE	CABLE THWN/THHN 10 RO (VIAK)1000M (	283.33	6
1450	t	2025-12-02 23:13:06.464036	CABLE	CABLE THWN/THHN 10 VE (VIAK)1000M (	333.33	6
1451	t	2025-12-02 23:13:06.464036	CONDUIT	CONDUIT ONDATITE DE 19 MM ( 3 / 4 )	847.22	6
1452	t	2025-12-02 23:13:06.464036	CINTA	CINTA ELECTRICA ECONOMICA 320C 19X1	29.63	5
1453	t	2025-12-02 23:13:06.464036	CONECTOR	CONECTOR LIQUIDTIGHT RECTO 3/4"	175.93	5
1454	t	2025-12-02 23:13:06.464036	CAJA	CAJA OVAL ROSCADA OLL 3/4"	112.96	4
1455	t	2025-12-02 23:13:06.464036	CAJA	CAJA OVAL ROSCADA OLB 3/4"	56.48	1
1456	t	2025-12-02 23:13:06.464036	COPLE	COPLE CONDUIT 3/4 P GRUESA	78.70	5
1457	t	2025-12-02 23:13:06.464036	COPLE	COPLE PARED DELGADA 3/4"	88.89	3
1458	t	2025-12-02 23:13:06.464036	MANGUERA	MANGUERA FLEXIBLE MACHO-MACHO 3/4	52.78	6
1459	t	2025-12-02 23:13:06.464036	UÑA	UÑA CONDUIT PARED DELGADA 1"	59.26	6
1460	t	2025-12-02 23:13:06.464036	CODO	CODO CONDUIT 3/4 PARED DELGADA	130.56	6
1461	t	2025-12-02 23:13:06.464036	TAQUETE	TAQUETE PLASTICO C/ PIJA Y BROCA 1/	231.48	4
1462	t	2025-12-02 23:13:06.464036	TUBO	TUBO CONDUIT 3/4 S/COPLE P DELGADA	810.19	4
1463	t	2025-12-02 23:13:06.464036	BASE	BASE 5X100 INTEGRAL AEREA RILEZ	502.74	6
1464	t	2025-12-02 23:13:06.464036	INT.	INT. TERMO Q240 2P 40A SIEMENS MX:Q240	252.56	6
1465	t	2025-12-02 23:13:06.464036	BASES	BASES PARA MASTIL 19MM (3/4") BSD 34	27.02	6
1466	t	2025-12-02 23:13:06.464036	UNICANAL	UNICANAL 4X2 PERFORADO 3MTS CAL.16 UNF-42-16-P	255.77	5
1467	t	2025-12-02 23:13:06.464036	TUBO	TUBO GALV ROSCA 3/4 PLG 3MTS C/COPLE 00052	173.42	4
1468	t	2025-12-02 23:13:06.464036	MUFA	MUFA ROSCA 19.0 - 3/4" FE 122	27.21	5
1469	t	2025-12-02 23:13:06.464036	RONDANA	RONDANA PLANA 3/8" (9.5MM) GALVANIZADA ROLDANA 9.5MM	12.00	4
1470	t	2025-12-02 23:13:06.464036	RONDANA	RONDANA PLANA 1/4" (6.4MM)GALVANIZADA ROLDANA 6.4MM	8.60	4
1471	t	2025-12-02 23:13:06.464036	RONDANA	RONDANA PLANA GALVANIZADA 1/2" ANCLO RPL12	22.40	4
1472	t	2025-12-02 23:13:06.464036	ABRAZADERA	ABRAZADERA UNICANAL DE 3/4" CED. 30 AE 34	70.90	2
1473	t	2025-12-02 23:13:06.464036	CONECTOR	CONECTOR TW 3/4 ACERO ANCLO CCA 34	130.48	5
1474	t	2025-12-02 23:13:06.464036	PINZAS	PINZAS ELECT C/POCHADORA C/JALAGUIA 9" KT215-9	638.17	5
1475	t	2025-12-02 23:13:06.464036	KIT	KIT NAVAJAS 2 PZAS MILWAUKEE	771.87	2
1476	t	2025-12-02 23:13:06.464036	KIT	KIT DE PINZAS DE 3 PZAS 48226331	1425.00	4
1477	t	2025-12-02 23:13:06.464036	SANDWICHES	SANDWICHES Y PANECILLOS CON RELLENO-HAMBURGUESA HAWAINA	51.72	1
1478	t	2025-12-02 23:13:06.464036	ENCENDEDOR	ENCENDEDOR J25 MINI BIC	18.97	5
1479	t	2025-12-02 23:13:06.464036	MARLBORO	MARLBORO ICE XPRESS 14S	57.76	3
1480	t	2025-12-02 23:13:06.464036	MILKA	MILKA CHOCOLATE CON CARAMELO 37G	27.32	1
1481	t	2025-12-02 23:13:06.464036	COMIDAS	COMIDAS Y BEBIDAS	438.79	4
1482	t	2025-12-02 23:13:06.464036	SERVICIOS	SERVICIOS DE BUSES CON HORARIOS PROGRAMADOS-SERVICIOS DE VIAJE ADO. TUXTLA GUTIERREZ-PUEBLA CAPU FOL. 030154805080 ASIENTO. 28 1	715.52	6
1483	t	2025-12-02 23:13:06.464036	Servicio	Servicio de taxi.	405.06	5
1484	t	2025-12-02 23:13:06.464036	ESTABLECIMIENTOS	ESTABLECIMIENTOS DE COMIDA RÁPIDA AL 16%	381.03	2
1485	t	2025-12-02 23:13:06.464036	Jumex	JUMEX MANZ	88.00	3
1486	t	2025-12-02 23:13:06.464036	CUCH	CUCH CH GV60	17.24	4
1487	t	2025-12-02 23:13:06.464036	OREO	OREO DISP	111.00	4
1488	t	2025-12-02 23:13:06.464036	REYNOLDS	REYNOLDS	58.62	2
1489	t	2025-12-02 23:13:06.464036	GAM	GAM ARCOIRIS	37.00	4
1490	t	2025-12-02 23:13:06.464036	CHOKIS	CHOKIS 228G	117.00	1
1491	t	2025-12-02 23:13:06.464036	ART	ART 8 PACK	144.00	4
1492	t	2025-12-02 23:13:06.464036	Jumex	JUMEX DZNO	192.00	4
1493	t	2025-12-02 23:13:06.464036	TACO	TACO CHICH SALSAVDE 1PZ	34.48	1
1494	t	2025-12-02 23:13:06.464036	TACO	TACO AL PASTOR PZ	17.24	1
1495	t	2025-12-02 23:13:06.464036	TACO	TACO DE CARNE ASADA	7.33	1
1496	t	2025-12-02 23:13:06.464036	REFRESCO	REFRESCO COCACOLA 600 ML BOTELLA NO RETORNABLE COLA	18.53	4
1497	t	2025-12-02 23:13:06.464036	POWERADE	POWERADE FRUTAS 600ML	25.86	2
1498	t	2025-12-02 23:13:06.464036	EMPANADAS	EMPANADAS JULITAS CAJETA 80GR	17.59	3
1499	t	2025-12-02 23:13:06.464036	TRNT	TRNT EVUP 18S CANELA 30.6G	26.29	5
1500	t	2025-12-02 23:13:06.464036	AGUA	AGUA NATURAL SKARCH 1LT	11.00	4
1501	t	2025-12-02 23:13:06.464036	GOMITAS	GOMITAS ROMPOPE	18.98	1
1502	t	2025-12-02 23:13:06.464036	GALLETA	GALLETA DE AVENA CON CHISPAS DE CHOCOLATE Y QUINOA	26.85	1
1503	t	2025-12-02 23:13:06.464036	YOGURT	YOGURT YOPLAIT 242GR FRESA	16.50	1
1504	t	2025-12-02 23:13:06.464036	CARLOS	CARLOS V CHOCOLATE 18G	16.20	1
1505	t	2025-12-02 23:13:06.464036	AGUA	AGUA GASIFICADA FREE LIFE WATER 355 ML SABOR CEREZA	19.83	1
1506	t	2025-12-02 23:13:06.464036	Magna	Magna	1036.67	3
1507	t	2025-12-02 23:13:06.464036	Juego	Juego de 7 llaves allen std tipo navaja, cuerpo de lámina	66.38	6
1508	t	2025-12-02 23:13:06.464036	Ciel	AGUA PURIFICADA CIEL 5 LT BOTE	37.00	1
1509	t	2025-12-02 23:13:06.464036	AGUA	AGUA MINERAL TOPO CHICO 600 ML BOTELLA NO RETORNABLE	20.83	1
1510	t	2025-12-02 23:13:06.464036	SUEROX	SUEROX FRESAKIWI 630ML	25.00	4
1511	t	2025-12-02 23:13:06.464036	SUEROX	SUEROX UVA 630ML	25.00	4
1512	t	2025-12-02 23:13:06.464036	SUEROX	SUEROX MORA AZUL CON HIERBABUENA 630ML	50.00	4
1513	t	2025-12-02 23:13:06.464036	SUEROX	SUEROX LIMA LIMON 630ML	25.00	4
1514	t	2025-12-02 23:13:06.464036	SUEROX	SUEROX ADULTO UVA MORA AZUL 630 ML	25.00	4
1515	t	2025-12-02 23:13:06.464036	HIELO	HIELO POTABLE EN CILINDROS CRISTAPURO 3.6 KG BOLSA	32.50	1
1516	t	2025-12-02 23:13:06.464036	CUCHILLAS	CUCHILLAS DE REPUESTO PARA NV-7 Y NM-7, 5 PIEZAS (16953)	24.14	4
1517	t	2025-12-02 23:13:06.464036	ESPATULA	ESPATULA MULTIUSOS MARCA TRUPER (14458)	286.21	4
1518	t	2025-12-02 23:13:06.464036	MAZO	MAZO DE HULE 8 ONZAS PRETUL (20565)	70.69	4
1519	t	2025-12-02 23:13:06.464036	NUDO	NUDO GALVANIZADO 1/2 (44087)	50.00	4
1520	t	2025-12-02 23:13:06.464036	AGUA	AGUA BLUE BAY 1 LITRO	77.00	5
1521	t	2025-12-02 23:13:06.464036	AGUA	AGUA NATURAL E PURA 10.1LT	54.50	1
1522	t	2025-12-02 23:13:06.464036	Servicios	Servicios de buses con horarios programados	465.52	6
1523	t	2025-12-02 23:13:06.464036	Servicio	Servicio postales de paqueteo y courrier	258.62	6
1524	t	2025-12-02 23:13:06.464036	CHOKIS	CHOKIS GAMESA 76G	21.30	1
1525	t	2025-12-02 23:13:06.464036	Cheetos	CHEETOS TORCIDITOS 58GR	21.76	1
1526	t	2025-12-02 23:13:06.464036	ACEITE	ACEITE NUTRIOLI 400 ML	26.00	4
1527	t	2025-12-02 23:13:06.464036	FUZE	FUZE TEA VERDE SABOR LIMON 600ML	40.00	2
1528	t	2025-12-02 23:13:06.464036	DULCIGOMAS	DULCIGOMAS 63G BOLSA CTR RIC	24.54	4
1529	t	2025-12-02 23:13:06.51296	BOL	BOL BAS COSTALITOS JUMBO 75X90	38.79	4
1530	t	2025-12-02 23:13:06.51296	CERRADURA	CERRADURA D/PERILLA DEXTER SAT	271.55	6
1531	t	2025-12-02 23:13:06.51296	ROOM	ROOM SERVICE	164.89	1
1532	t	2025-12-02 23:13:06.51296	LAVANDERIA	LAVANDERIA	224.10	4
1533	t	2025-12-02 23:13:06.51296	ELECTROLIT	ELECTROLIT	25.00	4
1534	t	2025-12-02 23:13:06.51296	Bonafont	BONAFONT6P	282.00	3
1535	t	2025-12-02 23:13:06.51296	Habitación	Habitación 308, CHECK IN 19/11/25 CHECK OUT 20/11/25	666.66	3
1536	t	2025-12-02 23:13:06.51296	IMPRESION	IMPRESION CARTA COLOR PAPEL NORMAL	49.60	6
1537	t	2025-12-02 23:13:06.51296	IMPRESIÓN	IMPRESIÓN CARTA B/N DE 11 A 100	11.34	4
1538	t	2025-12-02 23:13:06.51296	DESCARBONIZACION	DESCARBONIZACION	760.00	3
1539	t	2025-12-02 23:13:06.51296	REVISAR	REVISAR 25 PUNTOS DE SEGURIDAD	380.00	1
1540	t	2025-12-02 23:13:06.51296	Epura	REEMPLAZO DEL ENSAMBLE DEL DEPURADOR DE AIRE	380.00	5
1541	t	2025-12-02 23:13:06.51296	INSPEC/MANTENIMIENTO	INSPEC/MANTENIMIENTO I/M - DIAG EMISIONES EXCESIVAS I/M - PRUEBA EMISIONES	380.00	3
1542	t	2025-12-02 23:13:06.51296	REEMPLAZO	REEMPLAZO DEL FILTRO DE ACEITE	950.00	2
1543	t	2025-12-02 23:13:06.51296	ROTACION	ROTACION DE RUEDAS	380.00	1
1544	t	2025-12-02 23:13:06.51296	LIMPIEZA	LIMPIEZA Y AJUSTE DE FRENOS	380.00	1
1545	t	2025-12-02 23:13:06.51296	MANEJO	MANEJO DE RESIDUOS PELIGROSOS	292.25	4
1546	t	2025-12-02 23:13:06.51296	SEGURO	SEGURO	350.00	1
1547	t	2025-12-02 23:13:06.51296	FILTRO	FILTRO DE ACEITE	120.79	2
1548	t	2025-12-02 23:13:06.51296	ACEITE	ACEITE SINTETICO DEXOS GEN 3 5W30 3.78	794.13	4
1549	t	2025-12-02 23:13:06.51296	LIMPIADOR-PARABRISAS	LIMPIADOR-PARABRISAS SHAMPOO ACD100ML	66.11	4
1550	t	2025-12-02 23:13:06.51296	LIMPIADOR	LIMPIADOR DE INYECTORES	215.00	4
1551	t	2025-12-02 23:13:06.51296	NUEZ	NUEZ DE LA INDIA/ CACAHUATE SALADO/ENCHILADO/GARAPIÑADO/MANGO KAREN 35-100 G	30.03	1
1552	t	2025-12-02 23:13:06.51296	BOTANA	BOTANA SURTIDA KAREN 100G	42.99	5
1553	t	2025-12-02 23:13:06.51296	NUEZ	NUEZ PECANA KAREN 40 G	30.00	4
1554	t	2025-12-02 23:13:06.51296	Bonafont	AGUA BONAFONT 1 L	18.00	3
1555	t	2025-12-02 23:13:06.51296	PEÑAFIEL	PEÑAFIEL TWIST LIMON SAL 600 ML	21.55	4
1556	t	2025-12-02 23:13:06.51296	TOSTADA	TOSTADA DE RES	95.69	4
1557	t	2025-12-02 23:13:06.51296	QUESADILLA	QUESADILLA DE PIERNA	47.41	1
1558	t	2025-12-02 23:13:06.51296	DIESEL	DIESEL	1729.11	5
1559	t	2025-12-02 23:13:06.51296	PROT	PROT HOJA OD CTA TRNS MAT 200PZ	188.79	4
1560	t	2025-12-02 23:13:06.51296	JGO	JGO DE INDICES 5 DIVISIONES	25.00	6
1561	t	2025-12-02 23:13:06.51296	CARPETA	CARPETA MATE 1" BLANCA O	76.72	4
1562	t	2025-12-02 23:13:06.51296	MARC	MARC MAGISTRA C/4 COLORES	62.07	4
1563	t	2025-12-02 23:13:06.51296	PAPEL	PAPEL VISION BOND CARTA C/500	187.93	6
1564	t	2025-12-02 23:13:06.51296	BOLSA	BOLSA REUSABLE OD GRANDE RJ	21.55	4
1565	t	2025-12-02 23:13:06.51296	MEM	MEM USB ADATA 32GB UV250	102.59	6
1566	t	2025-12-02 23:13:06.51296	\N	4 PECHUGUITA	175.93	1
1567	t	2025-12-02 23:13:06.51296	ENS.	ENS. VASO POLLO O SURIMI 8OZ	87.96	4
1568	t	2025-12-02 23:13:06.51296	Kit	Kit HiperLed	766.89	4
1569	t	2025-12-02 23:13:06.51296	\N	32011 MAGNA	1373.70	4
1570	t	2025-12-02 23:13:06.51296	H-99(LBN1)-470	H-99(LBN1)-470	3293.10	5
1571	t	2025-12-02 23:13:06.51296	ANTISULFATANTE	ANTISULFATANTE (RONDANAS)	17.24	3
1572	t	2025-12-02 23:13:06.51296	MICRO	MICRO FIBRA	34.48	4
1573	t	2025-12-02 23:13:06.51296	LTH	LTH AAA Paq. 4 Baterias	47.41	3
1574	t	2025-12-02 23:13:06.51296	LTH	LTH AA Paq. 4 baterias	47.41	3
1575	t	2025-12-02 23:13:06.51296	\N	1P FRESH SHAVE	51.72	4
1576	t	2025-12-02 23:13:06.51296	EXTRA	EXTRA CHICO GRUPO 1 Se recibierón los siguientes usados:G01 - EXTRA CHICO GRUPO 1	294.00	1
1577	t	2025-12-02 23:13:06.51296	Alimentos	Alimentos Guacamayas	137.94	1
1578	t	2025-12-02 23:13:06.51296	Bebidas	Bebidas Guacamayas	189.66	1
1579	t	2025-12-02 23:13:06.51296	Hula	Hula Hawaiian	162.93	1
1580	t	2025-12-02 23:13:06.51296	BREAKER	BREAKER 2P-40A PASTILLA TERMOMAGNE	1318.97	6
1581	t	2025-12-02 23:13:06.51296	Centro	Centro carga Square D 70A 2P NEMA1	757.76	6
1582	t	2025-12-02 23:13:06.51296	CABLE	CABLE THW 10 AWG NEGRO CONDULAC	1706.03	4
1583	t	2025-12-02 23:13:06.51296	CENTRO	CENTRO DE CARGA 2P 60A PLASTICO	473.28	5
1584	t	2025-12-02 23:13:06.51296	BASE	BASE EN GABINETE 100A 5-MORDAZAS 2F	1004.31	6
1585	t	2025-12-02 23:13:06.51296	VARILLA	VARILLA P/TIERRA 1MT	64.66	4
1586	t	2025-12-02 23:13:06.51296	CABLE	CABLE (LM) THW 8 RO (IND) 500M	1224.14	6
1587	t	2025-12-02 23:13:06.51296	CABLE	CABLE (LM) THW 8 VE (IND) 500M	1224.14	6
1588	t	2025-12-02 23:13:06.51296	CABLE	CABLE (LM) THW 8 NE (IND) 500M	1224.14	4
1589	t	2025-12-02 23:13:06.51296	CABLE	CABLE (LM) THW 8 BL (IND) 500M	153.02	6
1590	t	2025-12-02 23:13:06.51296	UÑA	UÑA CONDUIT PARED DELGADA 3/4"	51.72	6
1591	t	2025-12-02 23:13:06.51296	CONECTOR	CONECTOR CONDUIT 3/4 PARED DELGADA	172.41	6
1592	t	2025-12-02 23:13:06.51296	Autovía	Autovía del Mayab NRU 2028810006610560462201400A5B4DDC (16/11/2025)	204.31	1
1593	t	2025-12-02 23:13:06.51296	Autovía	Autovía del Mayab NRU 0148220000975766E781D0942A7D7007 (19/11/2025)	351.72	6
1594	t	2025-12-02 23:13:06.51296	Autovía	Autovía del Mayab NRU 20292200045259013F6CBF7ABF171E90 (19/11/2025)	204.31	1
1595	t	2025-12-02 23:13:06.51296	Habitación	Habitación Doble del 16 de Noviembre del 2025	908.34	3
1596	t	2025-12-02 23:13:06.51296	Saneamiento	Saneamiento Ambiental	50.91	1
1597	t	2025-12-02 23:13:06.51296	\N	0102 REDUCCION NPTF	49.34	1
1598	t	2025-12-02 23:13:06.51296	PREMIUM	PREMIUM (LT)	865.52	4
1599	t	2025-12-02 23:13:06.51296	Pizza	Pizza de Queso	76.73	1
1600	t	2025-12-02 23:13:06.51296	CINTA	CINTA TEFLON P/GAS AMARILLA 1/2" X	25.00	5
1601	t	2025-12-02 23:13:06.51296	\N	74144 JUEGO DE HERRAMIEN	257.76	4
1602	t	2025-12-02 23:13:06.51296	\N	-10 CONECTORES RJ45 CAT5E P/CABLE REDONDO	50.86	6
1603	t	2025-12-02 23:13:06.51296	Ciel	CIEL 0 AZUCAR LIMON 1L	37.93	3
1604	t	2025-12-02 23:13:06.51296	BASICO	BASICO CH	142.24	5
1605	t	2025-12-02 23:13:06.51296	SERVICIO	SERVICIO DE TRASLADO	344.83	1
1606	t	2025-12-02 23:13:06.51296	Coca Cola	COCA COLA ORIG SLEEK CAN 355	24.57	4
1607	t	2025-12-02 23:13:06.51296	KARATE	KARATE JAPO MEDIAN 90 G	37.00	6
1608	t	2025-12-02 23:13:06.51296	TAQUETE	TAQUETE PLASTICO BOLSA C/ 100 5/16	80.22	4
1609	t	2025-12-02 23:13:06.51296	TERMINAL	TERMINAL OJO AMARILLA 5/16 (TOAM 5/	94.18	6
1610	t	2025-12-02 23:13:06.51296	CONECTOR	CONECTOR BIPARTIDO CAL. 8 A 4 (KS	187.54	1
1611	t	2025-12-02 23:13:06.51296	CONECTOR	CONECTOR BIPARTIDO CAL. 2 A 2/0 (KS	425.04	6
1612	t	2025-12-02 23:13:06.51296	CONECTOR	CONECTOR PARA AVRILLA COBRE	19.66	1
1613	t	2025-12-02 23:13:06.51296	BREAKER	BREAKER 2P-20A PASTILLA TERMOMAGNE	560.74	6
1614	t	2025-12-02 23:13:06.51296	CONDUCON	CONDUCON LB P. DELGADA 34	44.32	5
1615	t	2025-12-02 23:13:06.51296	OMEGA	OMEGA CONDUIT PARED DELGADA 3/4"	10.97	6
1616	t	2025-12-02 23:13:06.51296	CLIP	CLIP PARA CONDUIT 3/4"	31.29	6
1617	t	2025-12-02 23:13:06.51296	CONECTOR	CONECTOR FLEXIBLE CURVO 3/4"	51.78	6
1618	t	2025-12-02 23:13:06.51296	GUANTES	GUANTES DE CORTE HUSKY	145.69	4
1619	t	2025-12-02 23:13:06.51296	COPLE	COPLE P/TUBO 1 1/4" Y BASE 1 2 FASE	93.97	4
1620	t	2025-12-02 23:13:06.51296	CONECTOR	CONECTOR USO RUDO 1/2"	6.28	4
1621	t	2025-12-02 23:13:06.51296	CAJA	CAJA RECTANGULAR RR-0471 2 3/4	92.66	3
1622	t	2025-12-02 23:13:06.51296	REDUCCIONES	REDUCCIONES TIPO RE 1 1/4"-3/4"	85.29	4
1623	t	2025-12-02 23:13:06.51296	CONDUCON	CONDUCON LR P. DELGADA 34	39.96	5
1624	t	2025-12-02 23:13:06.51296	PLACA	PLACA P/INTEMPERIE LE ART	91.94	4
1625	t	2025-12-02 23:13:06.51296	CONT	CONT DUP C TIERRA AISL NAR LE ART	261.25	6
1626	t	2025-12-02 23:13:06.51296	CENTRO	CENTRO DE CARGA SOBREPONER QOD3S	432.78	6
1627	t	2025-12-02 23:13:06.51296	Boleto	Boleto de estacionamiento hasta 1 hora	77.59	1
1628	t	2025-12-02 23:13:06.51296	MEMORIA	MEMORIA USB DUAL TIPO C Y A DE 64 G	159.48	6
1629	t	2025-12-02 23:13:06.56054	ACEITE	ACEITE 3 EN 1 90 ML. AL090	86.21	2
1630	t	2025-12-02 23:13:06.56054	CINTA	CINTA AMARILLA LEYENDA PROHIBIDO EL	119.83	4
1631	t	2025-12-02 23:13:06.56054	Servicio	Servicio de transportación terrestre 130903251116382	800.00	5
1632	t	2025-12-02 23:13:06.56054	HT	HT EXT 3M D	81.90	4
1633	t	2025-12-02 23:13:06.56054	TAZON	TAZON	43.10	4
1634	t	2025-12-02 23:13:06.56054	CARAMELO	CARAMELO R	114.00	1
1635	t	2025-12-02 23:13:06.56054	CARAMELOS	CARAMELOS	58.00	1
1636	t	2025-12-02 23:13:06.56054	RAMEN	RAMEN NISSIN POLLO 85GR	24.00	5
1637	t	2025-12-02 23:13:06.56054	RAMEN	RAMEN NISSIN CAMARON 85GR	24.00	5
1638	t	2025-12-02 23:13:06.56054	GALLETAS	GALLETAS SALADAS SALMAS 90GR	56.00	1
1639	t	2025-12-02 23:13:06.56054	MARAVILLAS	MARAVILLAS VAINILLA GAMESA 125GR	55.50	3
1640	t	2025-12-02 23:13:06.56054	TOSTITOS	TOSTITOS SALSA VERDE 62GR	17.13	1
1641	t	2025-12-02 23:13:06.56054	SALCHICHAS	SALCHICHAS PARA ASAR CHIMEX 800 GR PAQUETE CARNE DE CERDO	82.90	6
1642	t	2025-12-02 23:13:06.56054	ATUN	ATUN DOLORES ACEITE 295GR LATA	40.00	3
1643	t	2025-12-02 23:13:06.56054	PENAFIEL	PENAFIEL MINERAL COCO 600 ML NR	18.10	4
1644	t	2025-12-02 23:13:06.56054	SOPA	SOPA KNORR MICKEY 95GR	55.50	3
1645	t	2025-12-02 23:13:06.56054	MARGARINA	MARGARINA PRIMAVERA 90G SIN SAL	23.90	3
1646	t	2025-12-02 23:13:06.56054	MARGARINA	MARGARINA PRIMAVERA 90G CON SAL	27.50	3
1647	t	2025-12-02 23:13:06.56054	CENTRO	CENTRO DE CARGA DE 8 MODULOS CON 100 AMPERES	2440.00	6
1648	t	2025-12-02 23:13:06.56054	INTERRUPTOR	INTERRUPTOR TERMOMAGNETICO 2 POLOS ENCUFABLE	1260.00	6
1649	t	2025-12-02 23:13:06.56054	ANCLO	ANCLO DE UÑA PARA TUBO DE COBRE 3/4 PULGADA	360.00	2
1650	t	2025-12-02 23:13:06.56054	COPLE	COPLE PARA PARED DELGADA 3/4	375.00	3
1651	t	2025-12-02 23:13:06.56054	CABLE	CABLE CALIBRE 8 NEGRO INDIANA	1212.10	4
1652	t	2025-12-02 23:13:06.56054	CABLE	CABLE CALIBRE 8 BLANCO INDIANA	2040.00	6
1653	t	2025-12-02 23:13:06.56054	CABLE	CABLE CALIBRE 8 VERDE INDIANA	391.00	6
1654	t	2025-12-02 23:13:06.56054	MESA	MESA PLEGABLE 2.44M	3498.28	4
1655	t	2025-12-02 23:13:06.56054	SILLA	SILLA PLEGABLE ES LIFETIME	4131.03	4
1656	t	2025-12-02 23:13:06.56054	SILLA	SILLA PLEGABLE	1652.59	4
1657	t	2025-12-02 23:13:06.56054	Gas	Gas Licuado de Petróleo	417.41	5
1658	t	2025-12-02 23:13:06.56054	COLCHON	COLCHON INDIVIDUAL MEMORY FOAM CON RESORTE ORTOPEDICO	1231.90	4
1659	t	2025-12-02 23:13:06.56054	E	E DOMICILIO	0.00	3
1660	t	2025-12-02 23:13:06.56054	REFRIGERAD	REFRIGERAD	4215.52	1
1661	t	2025-12-02 23:13:06.56054	GASOLINA	GASOLINA REGULAR MIN. 87 OCTANOS	173.07	5
1662	t	2025-12-02 23:13:06.56054	Regular	Regular	432.69	4
1663	t	2025-12-02 23:13:06.56054	Abrazadera	Abrazadera de 3 1/4	155.17	4
1664	t	2025-12-02 23:13:06.56054	Llave	Llave de taladro 1/2	32.76	6
1665	t	2025-12-02 23:13:06.56054	SERVICIO	SERVICIO DE PEAJE Y CRUCE CARRETERO GUAYMAS 2025-10-24 08:25:17	39.66	6
1666	t	2025-12-02 23:13:06.56054	SERVICIO	SERVICIO DE PEAJE Y CRUCE CARRETERO FUNDICION 2025-10-24 10:54:30	93.97	6
1667	t	2025-12-02 23:13:06.56054	SERVICIO	SERVICIO DE PEAJE Y CRUCE CARRETERO GUAYMAS 2025-10-24 16:55:46	39.66	1
1668	t	2025-12-02 23:13:06.56054	SERVICIO	SERVICIO DE PEAJE Y CRUCE CARRETERO FUNDICION 2025-10-24 14:07:59	93.97	1
1669	t	2025-12-02 23:13:06.56054	\N	2. MAGNA (Despacho 4821249-0)	830.38	6
1670	t	2025-12-02 23:13:06.56054	TAQUETE	TAQUETE PLASTICO 1/4	3.92	4
1671	t	2025-12-02 23:13:06.56054	PIJA	PIJA FIJADORA 8 X 1 1/2	5.52	4
1672	t	2025-12-02 23:13:06.56054	PILA	PILA ALKALINA D	50.86	3
1673	t	2025-12-02 23:13:06.56054	TUERCA	TUERCA IZQUIERDA P/PIG TAIL	50.00	4
1674	t	2025-12-02 23:13:06.56054	CADENA	CADENA VICTOR GRANEL	28.44	1
1675	t	2025-12-02 23:13:06.56054	CLAVO	CLAVO P/CONCRETO 3" BLISTER	8.62	4
1676	t	2025-12-02 23:13:06.56054	BROCA	BROCA P/CONCRETO 1/4	49.14	1
1677	t	2025-12-02 23:13:06.56054	PISTOLA	PISTOLA P/RIEGO JARDIN	66.38	4
1678	t	2025-12-02 23:13:06.56054	CUARTOS	CUARTOS DE HOTEL DIAS 16/11/2025	1092.44	6
1679	t	2025-12-02 23:13:06.56054	Calzado	Calzado de seguridad Wolf modelo 2487 café #8	560.34	1
1680	t	2025-12-02 23:13:06.56054	\N	02 SUPER STAR CJR	224.14	5
1681	t	2025-12-02 23:13:06.56054	Habitación	Habitación Estándar	2739.50	1
1682	t	2025-12-02 23:13:06.56054	REGIO	REGIO	102.59	4
1683	t	2025-12-02 23:13:06.56054	GV	GV BOLSA	30.17	4
1684	t	2025-12-02 23:13:06.56054	AU	AU AZUCAR	26.00	4
1685	t	2025-12-02 23:13:06.56054	GV	GV LAV 750	27.59	4
1686	t	2025-12-02 23:13:06.56054	DOLCA	DOLCA	110.00	1
1687	t	2025-12-02 23:13:06.56054	PINOL	PINOL FLOR	17.24	2
1688	t	2025-12-02 23:13:06.56054	ART.23	ART.23 FRACC.XVII INC A) LIEJ TRAMITE DE BAJA DE VEHÍCULOS REGISTRADOS EN EL ESTADO.- VEHICULOS AUTO	395.00	5
1689	t	2025-12-02 23:13:06.56054	\N	32025 G-SUPER	922.29	4
1690	t	2025-12-02 23:13:06.56054	ARCHIVO	ARCHIVO EXP OD CTA 7COMP NG-MC, Fecha del pedimento: 2025-01-09 17:32:00	158.62	1
1691	t	2025-12-02 23:13:06.56054	COP-IMP	COP-IMP OPAL D-CTA COL 51-100H	1293.10	3
1692	t	2025-12-02 23:13:06.56054	Premium	Premium	765.80	4
1693	t	2025-12-02 23:13:06.56054	COMBO	COMBO BLATT MEDIANA POLLO	150.00	3
1694	t	2025-12-02 23:13:06.56054	FIBRA	FIBRA ESP ARCOBALENO CORAZZI C	38.36	4
1695	t	2025-12-02 23:13:06.56054	INSECTICIDA	INSECTICIDA H24 PODER FULM C/A	64.56	1
1696	t	2025-12-02 23:13:06.56054	LAVATRASTES	LAVATRASTES LIMON PRECISSIMO 1	25.86	4
1697	t	2025-12-02 23:13:06.56054	LIMPIADOR	LIMPIADOR BANO CLORALEX ANT/HO	51.64	4
1698	t	2025-12-02 23:13:06.56054	LIMPIADOR	LIMPIADOR FLASH BRISA MARINA 1	22.33	4
1699	t	2025-12-02 23:13:06.56054	PANO	PANO ABSORBENTE POLYNEG 3PZ	25.78	4
1700	t	2025-12-02 23:13:06.56054	PAPEL	PAPEL HIG 200HD SUAVEL 16 ROLL	65.95	3
1701	t	2025-12-02 23:13:06.56054	Epura	AGUA PURIFICADA EPURA 101 LTS	97.00	1
1702	t	2025-12-02 23:13:06.56054	LIMA	LIMA 500ML Correspondiente al tiquet:B90G-251338 Con Fecha: 2025-11-19	40.52	3
1703	t	2025-12-02 23:13:06.56054	ALAMBRE	ALAMBRE DE COSTILLA	227.59	2
1704	t	2025-12-02 23:13:06.56054	PEAJE	PEAJE EFECTIVO DEL 04 Nov 2025	42.24	4
1705	t	2025-12-02 23:13:06.56054	PEAJE	PEAJE EFECTIVO DEL 05 Nov 2025	42.24	4
1706	t	2025-12-02 23:13:06.56054	Pago	Pago de estacionamiento	25.86	1
1707	t	2025-12-02 23:13:06.56054	Comisión	Comisión por servicio Parco	3.45	6
1708	t	2025-12-02 23:13:06.56054	Tarjeta	Tarjeta De Memoria Kingston Sdcs2/256gb Canvas Select Plus 256gb	1220.68	6
1709	t	2025-12-02 23:13:06.56054	HORAS	HORAS DE ESTACIONAMIENTO EN LA VÍA PUBLICA	35.35	1
1710	t	2025-12-02 23:13:06.56054	Alimentos	Alimentos preparados	706.90	1
1711	t	2025-12-02 23:13:06.56054	EL	EL CALIFA ALIMENT Y	553.45	1
1712	t	2025-12-02 23:13:06.56054	NO	NO MAS CLAVO 113g "RESISTOL"	60.35	4
1713	t	2025-12-02 23:13:06.56054	SILICON	SILICON BLANCO 70g "FORTE" COD 16-0218	25.86	1
1714	t	2025-12-02 23:13:06.56054	Schorle	Schorle Maracuya	89.66	3
1715	t	2025-12-02 23:13:06.56054	Croque	Croque Monsieur GG	211.21	1
1716	t	2025-12-02 23:13:06.56054	ENS	ENS DE FRUTOS ROJOS	159.48	1
1717	t	2025-12-02 23:13:06.56054	SERVICIO	SERVICIO PUBLICO FEDERAL DE TRANSPORTE DE PERSONAS	910.34	5
1718	t	2025-12-02 23:13:06.56054	\N	68806M PREPARACION DE L	85.34	4
1719	t	2025-12-02 23:13:06.56054	HIELO	HIELO PURIFICADO ENVASADO OXXO 5 KG BOLSA	44.50	1
1720	t	2025-12-02 23:13:06.56054	AGUA	AGUA PURIFICADA BIOLEVE 6L	132.00	1
1721	t	2025-12-02 23:13:06.56054	AGUA	AGUA PURIFICADA ELECTROPURA 1 LT BOTE	48.00	1
1722	t	2025-12-02 23:13:06.56054	LEVITE	LEVITE PINA COCO 1LT	22.41	1
1723	t	2025-12-02 23:13:06.56054	BE	BE LIGHT MANZANA 1 LTS PET 6	17.24	5
1724	t	2025-12-02 23:13:06.56054	SANDWICH	SANDWICH DON TELLO ENSALADA DE POLLO 115G	25.86	1
1725	t	2025-12-02 23:13:06.56054	SANDWICH	SANDWICH DON TELLO ENSALADA POLLO JAMON Y QUESO 155G	25.86	1
1726	t	2025-12-02 23:13:06.56054	Bonafont	BONAFONT AGUAS FRESCAS PINA 1 LITRO	23.00	3
1727	t	2025-12-02 23:13:06.56054	BERELEX	BERELEX SUPER SATIN BASE ACCENT 1 L	206.03	6
1728	t	2025-12-02 23:13:06.56054	PILA	PILA DE BOTON DURACELL CR2032 2 PIE	79.31	1
1729	t	2025-12-02 23:13:06.610556	BROCHA	BROCHA POLYESTER BYP 2.5"	50.86	2
1730	t	2025-12-02 23:13:06.610556	REPARACION	REPARACION DE LLANTA RIN 16	150.00	6
1731	t	2025-12-02 23:13:06.610556	DESMOTAJE	DESMOTAJE DE LLANTA	100.00	3
1732	t	2025-12-02 23:13:06.610556	CHOKIS	CHOKIS GAME CLASIC 76GR	27.00	1
1733	t	2025-12-02 23:13:06.610556	MARINEL	MARINEL DUO NUEZ 96GR	40.00	5
1734	t	2025-12-02 23:13:06.610556	RELLENO	RELLENO CAPUCCINO COAH	21.98	1
1735	t	2025-12-02 23:13:06.610556	BE-LIGHT	BE-LIGHT AGUA JAMAICA 1LT	21.12	1
1736	t	2025-12-02 23:13:06.610556	Servicio	Servicio de comida rápida	111.21	4
1737	t	2025-12-02 23:13:06.610556	SERVICIO	SERVICIO A EXTINTOR 9,0 KG PQS ABC nom	2450.00	1
1738	t	2025-12-02 23:13:06.610556	SERVICIO	SERVICIO A EXTINTOR 4,5 KG PQS ABC nom	680.00	1
1739	t	2025-12-02 23:13:06.610556	SERVICIO	SERVICIO A UNIDAD MOVIL 50,0 KG PQS ABC nom	1750.00	1
1740	t	2025-12-02 23:13:06.610556	SERVICIO	SERVICIO A EXTINTOR 6,0 KG PQS ABC nom	780.00	1
1741	t	2025-12-02 23:13:06.610556	SERVICIO	SERVICIO A EXTINTOR 4,5 KG CO2 BC nom	980.00	5
1742	t	2025-12-02 23:13:06.610556	SEÑALAMIENTOS	SEÑALAMIENTOS EXTINTOR	1140.00	3
1743	t	2025-12-02 23:13:06.610556	BASE	BASE PARA EXTINTOR	675.00	3
1744	t	2025-12-02 23:13:06.610556	GREATVALUE	GREATVALUE	164.66	4
1745	t	2025-12-02 23:13:06.610556	GV	GV VASO TERM	17.24	4
1746	t	2025-12-02 23:13:06.610556	PETALO	PETALO	55.17	4
1747	t	2025-12-02 23:13:06.610556	MICHEMIX	MICHEMIX ESPECIAL 240 ML	37.00	4
1748	t	2025-12-02 23:13:06.610556	Estacionamiento	Estacionamiento de autos	651.72	5
1749	t	2025-12-02 23:13:06.610556	BOLSA	BOLSA HIELO STAR 5KG	31.50	4
1750	t	2025-12-02 23:13:06.610556	Flete	Flete (APO00294743)	1127.19	4
1751	t	2025-12-02 23:13:06.610556	Servicio	Servicio ocurre	107.30	4
1752	t	2025-12-02 23:13:06.610556	Costo	Costo por ajuste de combustible	6.10	5
1753	t	2025-12-02 23:13:06.610556	LAMINA	LAMINA NEGRA 4 x 10 Cal. 11 R/C (1.22 X 3.05 mts)	866.32	6
1754	t	2025-12-02 23:13:06.610556	LAMINA	LAMINA NEGRA 4 x 10 Cal. 11 R/C (1.22 X 3.05 mts)4 pzas de 1.22 mts x .67 cms	1951.04	6
1755	t	2025-12-02 23:13:06.610556	CORTE	CORTE DE MATERIAL	300.00	4
1756	t	2025-12-02 23:13:06.610556	ANILLO	ANILLO P/ENGANCHAR SOLDADO VEKER 3/16" X 1 1/2" NIQ. (ARO)	27.00	4
1757	t	2025-12-02 23:13:06.610556	SERVICIO	SERVICIO DE TAXI DEL DIA 18 DE NOVIEMBRE 2025	151.90	5
1758	t	2025-12-02 23:13:06.610556	SERVICIO	SERVICIO DE TRANSPORTE DE PRIMERA PLUS ON-RI 16/11/2025 COMPLETO, Beatriz Adriana Guerrero. VTA REALIZADA EN GUANAJUATO, No. , C	155.17	6
1759	t	2025-12-02 23:13:06.610556	\N	1/2 POLLO	128.45	5
1760	t	2025-12-02 23:13:06.610556	QUESO	QUESO FUNDIDO	90.52	1
1761	t	2025-12-02 23:13:06.610556	CANALETA	CANALETA C/ PEGAMENTO 12 X 12MM CAN-1212 VOLTECK	310.32	6
1762	t	2025-12-02 23:13:06.610556	SILICON	SILICON PEPE TRANSPARENTE 280 ML PENNSYLVANIA	64.65	4
1763	t	2025-12-02 23:13:06.610556	CABLE	CABLE CAL 12 X ROLLO ARGOS	1224.14	6
1764	t	2025-12-02 23:13:06.610556	BROCA	BROCA P/ CONCRETO SDS BS-1/2 X 12 TRUPER	159.48	6
1765	t	2025-12-02 23:13:06.610556	\N	590207 ENSALADA DE NOPAL 21 L	20.47	4
1766	t	2025-12-02 23:13:06.610556	\N	591369 POLLO ROSTIZADO EN DOMO	106.89	6
1767	t	2025-12-02 23:13:06.610556	PAN	PAN DULCE GRANEL	23.15	1
1768	t	2025-12-02 23:13:06.610556	POWERADE	POWERADE FRUTAS 1LT	36.64	2
1769	t	2025-12-02 23:13:06.610556	PAPEL	PAPEL HIGIENICO AZALEA 1PZ	11.64	3
1770	t	2025-12-02 23:13:06.610556	MED3P	MED3P	150.00	4
1771	t	2025-12-02 23:13:06.610556	MEDIANA	MEDIANA ORIGINAL CARNES FRIAS	150.00	3
1772	t	2025-12-02 23:13:06.610556	SKYY	SKYY APPLETINI 275 ML	60.35	4
1773	t	2025-12-02 23:13:06.610556	TOSTITOS	TOSTITOS XFH 62GR	21.76	3
1774	t	2025-12-02 23:13:06.610556	PENAFIEL	PENAFIEL TWIST LIMON 600 ML NR	17.67	5
1775	t	2025-12-02 23:13:06.610556	Room	Room Revenue	1291.19	4
1776	t	2025-12-02 23:13:06.610556	\N	20OZ CAPUCHINO SIN AZUCAR	34.48	3
1777	t	2025-12-02 23:13:06.610556	GELATINA	GELATINA ROLY BOTE MOSAICO 300G	26.50	4
1778	t	2025-12-02 23:13:06.610556	ICE	ICE BREAKERS MENTA 9.6 GRS	18.00	5
1779	t	2025-12-02 23:13:06.610556	SANDWICH	SANDWICH DELIXIA INT CARNES FRIAS	45.50	1
1780	t	2025-12-02 23:13:06.610556	Gas	Gas licuado de petróleo REM01238119	355.76	5
1781	t	2025-12-02 23:13:06.610556	BONAFON	BONAFON AGUA PET 20LT	136.00	3
1782	t	2025-12-02 23:13:06.610556	PAPEL	PAPEL HIGIENICO PREMIER	125.00	4
1783	t	2025-12-02 23:13:06.610556	PH	PH Adorable 270 H 12pz	56.81	5
1784	t	2025-12-02 23:13:06.610556	Toalla	Toalla de cocina 1 rollo	55.60	3
1785	t	2025-12-02 23:13:06.610556	HCF	HCF CRACKERS MINI	32.87	4
1786	t	2025-12-02 23:13:06.610556	NUTRILECHE	NUTRILECHE UHT FORMULA LA	39.80	4
1787	t	2025-12-02 23:13:06.610556	CHOCOLATE	CHOCOLATE GRANULADO 320G	51.76	1
1788	t	2025-12-02 23:13:06.610556	SURTIDO	SURTIDO FINO 200g	43.43	5
1789	t	2025-12-02 23:13:06.610556	CAJA	CAJA METALICA ACME MOD. CM2 PZ	413.79	3
1790	t	2025-12-02 23:13:06.610556	Extra	Extra topp sabores o extractos - Brownie	8.62	1
1791	t	2025-12-02 23:13:06.610556	PINTURA	PINTURA VINILICA BERELINTE #823 LTO	301.72	4
1792	t	2025-12-02 23:13:06.610556	SERVICIO	SERVICIO DE ALIMIENTOS Y BEBIDAS	308.33	4
1793	t	2025-12-02 23:13:06.610556	PAPAS	PAPAS CHIPS BARCEL 170 GR BOLSA JALAPENO	60.19	1
1794	t	2025-12-02 23:13:06.610556	Pepsi	REFRESCO PEPSI 600 ML BOTELLA NO RETORNABLE COLA	14.66	4
1795	t	2025-12-02 23:13:06.610556	COFLEX	COFLEX VIN.BOILER1/2FIPX1/2FIP-80CM	309.55	6
1796	t	2025-12-02 23:13:06.610556	CINTA	CINTA TEFLON 3/4 X 260	6.90	6
1797	t	2025-12-02 23:13:06.610556	LIJA	LIJA PARA PLOMERO 1 METRO	18.84	4
1798	t	2025-12-02 23:13:06.610556	CONECT	CONECT ROSCA INT 13MM	34.83	4
1799	t	2025-12-02 23:13:06.610556	CODO	CODO COBRE 90 13MM	6.96	4
1800	t	2025-12-02 23:13:06.610556	COPLE	COPLE COBR 13MM 1/2"	10.52	6
1801	t	2025-12-02 23:13:06.610556	CONECT	CONECT ROSCA EXT 13MM	25.33	6
1802	t	2025-12-02 23:13:06.610556	RED	RED CAMPANA COBR 19X13MM 3/4"X1/2"	39.70	6
1803	t	2025-12-02 23:13:06.610556	TUERCA	TUERCA UNIÓN 13MM COBRE	112.60	6
1804	t	2025-12-02 23:13:06.610556	TUERCA	TUERCA UNIÓN 19MM COBRE	208.76	6
1805	t	2025-12-02 23:13:06.610556	SOFedExNacionalDíaSi	SOFedExNacionalDíaSi	393.26	3
1806	t	2025-12-02 23:13:06.610556	PRODUCTOS	PRODUCTOS DE CONFITERIA-PRODUCTOS DE CONFITERIA-HALLS EXTRA STRONG 30/12/25.2G	16.00	5
1807	t	2025-12-02 23:13:06.610556	PRODUCTOS	PRODUCTOS DE CONFITERIA-PALETA ZUMBA RICA 22GR	20.00	4
1808	t	2025-12-02 23:13:06.610556	Doritos	BOTANAS-DORITOS NACHOS 58 G	31.00	1
1809	t	2025-12-02 23:13:06.610556	Doritos	BOTANAS-DORITOS DIABLO 58 G	31.00	1
1810	t	2025-12-02 23:13:06.610556	Ciel	BEBIDAS NO ALCOHÓLICAS-CIEL MINERALIZADA 600 ML PET	44.83	2
1811	t	2025-12-02 23:13:06.610556	TRIDENT	TRIDENT 4S FRESHMINT 5.2 GR	4.31	5
1812	t	2025-12-02 23:13:06.610556	TRIDENT	TRIDENT 4S YERBA 5.2 GR	4.31	4
1813	t	2025-12-02 23:13:06.610556	SERVICIOS	SERVICIOS DE BUSES CON HORARIOS PROGRAMADOS-SERVICIOS DE VIAJE ADO GL XALAPA-MEXICO TAPO FOL. 110164591427 ASIENTO. 16 06/11/202	660.34	6
1814	t	2025-12-02 23:13:06.610556	SERVICIOS	SERVICIOS DE BUSES CON HORARIOS PROGRAMADOS-SERVICIOS DE VIAJE ADO GL XALAPA-MEXICO TAPO FOL. 110164591428 ASIENTO. 15 06/11/202	660.34	6
1815	t	2025-12-02 23:13:06.610556	Lala	PRODUCTOS DE LECHE Y MANTEQUILLA-YOG LALA BEB FRESA-MORA 220 GR	18.00	4
1816	t	2025-12-02 23:13:06.610556	PRODUCTOS	PRODUCTOS DE CONFITERIA-BIGOTES TIA ROSA CHOCOLATE 80	26.00	4
1817	t	2025-12-02 23:13:06.610556	\N	-PLATANIN DULCE DE 80 GR	33.00	1
1818	t	2025-12-02 23:13:06.610556	PRODUCTOS	PRODUCTOS DE CONFITERIA-CHOCOLATE MILKY WAY 48 GRS	30.00	1
1819	t	2025-12-02 23:13:06.610556	YRI	YRI	35.00	4
1820	t	2025-12-02 23:13:06.610556	TUA	TUA	1304.00	4
1821	t	2025-12-02 23:13:06.610556	TRANSPORTACION	TRANSPORTACION AEREA	2173.28	5
1822	t	2025-12-02 23:13:06.610556	Aeromexico	Aeromexico Plus - Seats	289.66	6
1823	t	2025-12-02 23:13:06.610556	VUALA	VUALA SORPRESA CAJETA 60GR	18.98	1
1824	t	2025-12-02 23:13:06.610556	PAPAS	PAPAS CHIPS JALAPENO BARCEL 60 GR	30.56	1
1825	t	2025-12-02 23:13:06.610556	Pepsi	REFRESCO PEPSI 1.5 L NRREGULAR	28.45	5
1826	t	2025-12-02 23:13:06.610556	AGUA	AGUA PURIFICADA BIOLEVE 1.5LT	15.00	1
1827	t	2025-12-02 23:13:06.610556	TAKIS	TAKIS FUEGO BARCEL 80G	29.63	1
1828	t	2025-12-02 23:13:06.610556	PRODUCTO	PRODUCTO AL 0%	59.00	4
1829	t	2025-12-02 23:13:06.658609	PILA	PILA ALCALINA RS AA 4PK 72299 FP:2025-11-18 17:20:46	60.34	4
1830	t	2025-12-02 23:13:06.658609	BOLIG	BOLIG BIC PMED AZUL 12PK	46.55	4
1831	t	2025-12-02 23:13:06.658609	BOLIG	BOLIG BIC PMED NEGRO 12PK	46.55	4
1832	t	2025-12-02 23:13:06.658609	PAPEL	PAPEL OFFICE DEPOT CARTA RESMA FP:2025-11-18 17:20:38	153.45	5
1833	t	2025-12-02 23:13:06.658609	CUENTAFACIL	CUENTAFACIL BLISTER C/2	30.25	4
1834	t	2025-12-02 23:13:06.658609	PILA	PILA ALCALINA RS AAA 36PK 7217 FP:2025-11-18 17:20:49	268.07	5
1835	t	2025-12-02 23:13:06.658609	TINTA	TINTA BOT T544 NEG P/3210/3250/5290 EPSON	189.66	5
1836	t	2025-12-02 23:13:06.658609	BOLIGRAFO	BOLIGRAFO P/MED STICK MORADO CJA/12 KMETRICO	42.84	4
1837	t	2025-12-02 23:13:06.658609	CARPETA	CARPETA ARG CTA 1"C/VENT BCO LEFORT	54.74	5
1838	t	2025-12-02 23:13:06.658609	MICA	MICA TRANSPARENTE T/CTA PTE/100 SMART	98.28	6
1839	t	2025-12-02 23:13:06.658609	CUADERNO	CUADERNO ESP 200H PROF C-5 P/D "T" EXCELLEN	193.10	4
1840	t	2025-12-02 23:13:06.658609	CONVERTIDOR	CONVERTIDOR A TIERRA C/2 BCO AD-32B VOLTECK	21.29	6
1841	t	2025-12-02 23:13:06.658609	EXTENSION	EXTENSION ELEC 3 CONT 2M BCO ED-2B VOLTECK	100.86	6
1842	t	2025-12-02 23:13:06.658609	TOALLAS	TOALLAS LIMPIADORAS P/COMPUTAD C/20 PERFECT	32.76	4
\.


--
-- TOC entry 4908 (class 0 OID 52192)
-- Dependencies: 218
-- Data for Name: rol; Type: TABLE DATA; Schema: public; Owner: postgres
--

COPY public.rol (id, nombre, descripcion, activo, fecha_creacion) FROM stdin;
1	Administrador	Acceso completo al sistema	t	2025-12-02 22:55:27.599409
2	Gerente Marketing	Gestión de campañas y análisis de clientes	t	2025-12-02 22:55:27.599409
3	Cajero	Registro de ventas y emisión de tickets	t	2025-12-02 22:55:27.599409
4	Inventario	Gestión de productos y categorías	t	2025-12-02 22:55:27.599409
\.


--
-- TOC entry 4914 (class 0 OID 52245)
-- Dependencies: 224
-- Data for Name: ticket; Type: TABLE DATA; Schema: public; Owner: postgres
--

COPY public.ticket (id, numero_ticket, usuario_id, fecha_hora, total, subtotal, impuestos, descuentos, metodo_pago, estado, observaciones, imagen_ticket) FROM stdin;
\.


--
-- TOC entry 4916 (class 0 OID 52267)
-- Dependencies: 226
-- Data for Name: ticket_items; Type: TABLE DATA; Schema: public; Owner: postgres
--

COPY public.ticket_items (id, ticket_id, producto_id, cantidad, precio_unitario, subtotal, descuento) FROM stdin;
\.


--
-- TOC entry 4910 (class 0 OID 52205)
-- Dependencies: 220
-- Data for Name: usuarios; Type: TABLE DATA; Schema: public; Owner: postgres
--

COPY public.usuarios (id, nombre, apellido, email, password, telefono, rol_id, activo, fecha_registro, ultima_sesion) FROM stdin;
1	Ana	García	ana.garcia@email.com	hashed_password_1	8181234567	1	t	2025-12-02 22:55:34.607462	\N
2	Gerardo	Martínez	gerardo.marketing@onecard.com	hashed_password_2	8187654321	2	t	2025-12-02 22:55:34.607462	\N
3	Laura	López	laura.inventario@onecard.com	hashed_password_3	8183456789	4	t	2025-12-02 22:55:34.607462	\N
4	Carlos	Hernández	carlos.cajero@onecard.com	hashed_password_4	8189876543	3	t	2025-12-02 22:55:34.607462	\N
\.


--
-- TOC entry 4928 (class 0 OID 0)
-- Dependencies: 221
-- Name: categoria_id_seq; Type: SEQUENCE SET; Schema: public; Owner: postgres
--

SELECT pg_catalog.setval('public.categoria_id_seq', 30, true);


--
-- TOC entry 4929 (class 0 OID 0)
-- Dependencies: 215
-- Name: productos_id_seq; Type: SEQUENCE SET; Schema: public; Owner: postgres
--

SELECT pg_catalog.setval('public.productos_id_seq', 1842, true);


--
-- TOC entry 4930 (class 0 OID 0)
-- Dependencies: 217
-- Name: rol_id_seq; Type: SEQUENCE SET; Schema: public; Owner: postgres
--

SELECT pg_catalog.setval('public.rol_id_seq', 4, true);


--
-- TOC entry 4931 (class 0 OID 0)
-- Dependencies: 223
-- Name: ticket_id_seq; Type: SEQUENCE SET; Schema: public; Owner: postgres
--

SELECT pg_catalog.setval('public.ticket_id_seq', 1, false);


--
-- TOC entry 4932 (class 0 OID 0)
-- Dependencies: 225
-- Name: ticket_items_id_seq; Type: SEQUENCE SET; Schema: public; Owner: postgres
--

SELECT pg_catalog.setval('public.ticket_items_id_seq', 1, false);


--
-- TOC entry 4933 (class 0 OID 0)
-- Dependencies: 219
-- Name: usuarios_id_seq; Type: SEQUENCE SET; Schema: public; Owner: postgres
--

SELECT pg_catalog.setval('public.usuarios_id_seq', 4, true);


--
-- TOC entry 4747 (class 2606 OID 52236)
-- Name: categoria categoria_nombre_key; Type: CONSTRAINT; Schema: public; Owner: postgres
--

ALTER TABLE ONLY public.categoria
    ADD CONSTRAINT categoria_nombre_key UNIQUE (nombre);


--
-- TOC entry 4749 (class 2606 OID 52288)
-- Name: categoria categoria_pkey; Type: CONSTRAINT; Schema: public; Owner: postgres
--

ALTER TABLE ONLY public.categoria
    ADD CONSTRAINT categoria_pkey PRIMARY KEY (id);


--
-- TOC entry 4737 (class 2606 OID 52168)
-- Name: productos productos_pkey; Type: CONSTRAINT; Schema: public; Owner: postgres
--

ALTER TABLE ONLY public.productos
    ADD CONSTRAINT productos_pkey PRIMARY KEY (id);


--
-- TOC entry 4739 (class 2606 OID 52203)
-- Name: rol rol_nombre_key; Type: CONSTRAINT; Schema: public; Owner: postgres
--

ALTER TABLE ONLY public.rol
    ADD CONSTRAINT rol_nombre_key UNIQUE (nombre);


--
-- TOC entry 4741 (class 2606 OID 52315)
-- Name: rol rol_pkey; Type: CONSTRAINT; Schema: public; Owner: postgres
--

ALTER TABLE ONLY public.rol
    ADD CONSTRAINT rol_pkey PRIMARY KEY (id);


--
-- TOC entry 4755 (class 2606 OID 52357)
-- Name: ticket_items ticket_items_pkey; Type: CONSTRAINT; Schema: public; Owner: postgres
--

ALTER TABLE ONLY public.ticket_items
    ADD CONSTRAINT ticket_items_pkey PRIMARY KEY (id);


--
-- TOC entry 4751 (class 2606 OID 52260)
-- Name: ticket ticket_numero_ticket_key; Type: CONSTRAINT; Schema: public; Owner: postgres
--

ALTER TABLE ONLY public.ticket
    ADD CONSTRAINT ticket_numero_ticket_key UNIQUE (numero_ticket);


--
-- TOC entry 4753 (class 2606 OID 52330)
-- Name: ticket ticket_pkey; Type: CONSTRAINT; Schema: public; Owner: postgres
--

ALTER TABLE ONLY public.ticket
    ADD CONSTRAINT ticket_pkey PRIMARY KEY (id);


--
-- TOC entry 4743 (class 2606 OID 52217)
-- Name: usuarios usuarios_email_key; Type: CONSTRAINT; Schema: public; Owner: postgres
--

ALTER TABLE ONLY public.usuarios
    ADD CONSTRAINT usuarios_email_key UNIQUE (email);


--
-- TOC entry 4745 (class 2606 OID 52382)
-- Name: usuarios usuarios_pkey; Type: CONSTRAINT; Schema: public; Owner: postgres
--

ALTER TABLE ONLY public.usuarios
    ADD CONSTRAINT usuarios_pkey PRIMARY KEY (id);


--
-- TOC entry 4758 (class 2606 OID 52301)
-- Name: categoria categoria_categoria_padre_id_fkey; Type: FK CONSTRAINT; Schema: public; Owner: postgres
--

ALTER TABLE ONLY public.categoria
    ADD CONSTRAINT categoria_categoria_padre_id_fkey FOREIGN KEY (categoria_padre_id) REFERENCES public.categoria(id) ON DELETE SET NULL;


--
-- TOC entry 4756 (class 2606 OID 52407)
-- Name: productos fkpg3xiei77fmdbpx20n8i9txs6; Type: FK CONSTRAINT; Schema: public; Owner: postgres
--

ALTER TABLE ONLY public.productos
    ADD CONSTRAINT fkpg3xiei77fmdbpx20n8i9txs6 FOREIGN KEY (categoria_id) REFERENCES public.categoria(id);


--
-- TOC entry 4760 (class 2606 OID 52362)
-- Name: ticket_items ticket_items_producto_id_fkey; Type: FK CONSTRAINT; Schema: public; Owner: postgres
--

ALTER TABLE ONLY public.ticket_items
    ADD CONSTRAINT ticket_items_producto_id_fkey FOREIGN KEY (producto_id) REFERENCES public.productos(id) ON DELETE RESTRICT;


--
-- TOC entry 4761 (class 2606 OID 52371)
-- Name: ticket_items ticket_items_ticket_id_fkey; Type: FK CONSTRAINT; Schema: public; Owner: postgres
--

ALTER TABLE ONLY public.ticket_items
    ADD CONSTRAINT ticket_items_ticket_id_fkey FOREIGN KEY (ticket_id) REFERENCES public.ticket(id) ON DELETE CASCADE;


--
-- TOC entry 4759 (class 2606 OID 52383)
-- Name: ticket ticket_usuario_id_fkey; Type: FK CONSTRAINT; Schema: public; Owner: postgres
--

ALTER TABLE ONLY public.ticket
    ADD CONSTRAINT ticket_usuario_id_fkey FOREIGN KEY (usuario_id) REFERENCES public.usuarios(id) ON DELETE RESTRICT;


--
-- TOC entry 4757 (class 2606 OID 52395)
-- Name: usuarios usuarios_rol_id_fkey; Type: FK CONSTRAINT; Schema: public; Owner: postgres
--

ALTER TABLE ONLY public.usuarios
    ADD CONSTRAINT usuarios_rol_id_fkey FOREIGN KEY (rol_id) REFERENCES public.rol(id) ON DELETE RESTRICT;


-- Completed on 2025-12-02 19:50:01

--
-- PostgreSQL database dump complete
--

