decCantidad,vcDescripcion,decImporte,vcUnidad,decValorUnitario,dtCreated,vcDescuento
1.0000,Tarifa,53.5000,Unidad de servicio,53.5000,2025-11-21 10:43:11.483,0.000000
1.0000,CONTRIBUCIÓN GUBERNAMENTAL: 1.5%,0.7800,NO APLICA,0.7800,2025-11-21 10:43:11.483,0.000000
1.0000,Tarifa,141.3900,Unidad de servicio,141.3900,2025-11-21 10:43:11.483,0.000000
1.0000,CONTRIBUCIÓN GUBERNAMENTAL: 1.5%,1.9500,NO APLICA,1.9500,2025-11-21 10:43:11.483,0.000000
1.0000,Tarifa,256.3300,Unidad de servicio,256.3300,2025-11-21 10:43:11.483,0.000000
1.0000,CONTRIBUCIÓN GUBERNAMENTAL: 1.5%,3.6100,NO APLICA,3.6100,2025-11-21 10:43:11.483,0.000000
1.0000,ALIMENTOS Y BEBIDAS,228.4480,SERVICIO,228.4480,2025-11-21 10:42:12.793,0.000000
1.0000,Consumo,180.1700,Servicio,180.1720,2025-11-21 10:41:07.677,0.000000
1.0000,ND3335711602 SAUCILLO,89.0000,NULL,89.0000,2025-11-21 10:40:08.633,0.000000
1.0000,CONSUMO DE ALIMENTOS,241.3790,SERVICIO,241.3790,2025-11-21 10:40:08.633,0.000000
1.0000,PC3617130905 JIMENEZ,120.0000,NULL,120.0000,2025-11-21 10:39:06.140,0.000000
1.0000,OD3104793220 CAMARGO,89.0000,NULL,89.0000,2025-11-21 10:39:06.140,0.000000
1.0000,TARIFA AEREA PNR: Q7QP2L,3581.0300,Unidad de servicio,3581.0300,2025-11-21 10:38:11.580,0.000000
1.0000,CARGOS AEROPORTUARIOS,1080.8800,Unidad de servicio,1080.8800,2025-11-21 10:38:11.580,0.000000
1.0000,Caramel Frappuccino Alto,94.8300,102,94.8300,2025-11-21 10:38:11.580,0.000000
1.0000,leche deslactosada,17.2400,102,17.2400,2025-11-21 10:38:11.580,0.000000
1.0000,SC3115547608 SAVALZA,95.0000,NULL,95.0000,2025-11-21 10:38:11.580,0.000000
1.0000,SC4154306626 SAVALZA,95.0000,NULL,95.0000,2025-11-21 10:37:11.677,0.000000
1.0000,ND4298766841 SAUCILLO,89.0000,NULL,89.0000,2025-11-21 10:37:11.677,0.000000
1.0000,OB4990622894 CAMARGO,89.0000,NULL,89.0000,2025-11-21 10:37:11.677,0.000000
1.0000,VINIL EN COROPLAST,379.3100,Pieza,379.3100,2025-11-21 10:36:06.207,0.000000
1.0000,CORTE EN GUILLOTINA,129.3100,Pieza,129.3100,2025-11-21 10:36:06.207,0.000000
1.0000,HOSPEDAJE - LODGING,850.0000,SERVICIO,850.0000,2025-11-21 10:36:06.207,0.000000
1.0000,CHOCOLATINES CHAROLA 98GR,29.6300,EA,29.6300,2025-11-21 10:36:06.207,0.000000
1.0000,DORITOS NACHO 61GR,25.0000,EA,25.0000,2025-11-21 10:36:06.207,0.000000
1.0000,REFRESCO COCACOLA NO RETORNABLE 450 ML BOTELLAREGULAR,14.6550,EA,14.6550,2025-11-21 10:36:06.207,0.000000
1.0000,"CONSUMO DEL DÍA 16/11/2025, según Número de Folio 1256102492532082",587.0700,Unidad de servicio,587.0690,2025-11-21 10:36:06.207,0.000000
1.0000,Consumo de alimentos,112.0700,Unidad de servicio,112.0700,2025-11-21 10:36:06.207,0.000000
1.0000,COCA COLA  PET 450ML,15.9480,NULL,15.9480,2025-11-21 10:36:06.207,0.000000
1.0000,Pan de Elote 1pz Bakery,20.0000,NULL,20.0000,2025-11-21 10:36:06.207,0.000000
1.0000,Consumo de alimentos del ticket 00001730 del 2025-11-20,262.9310,NULL,262.9310,2025-11-21 10:33:11.707,0.000000
1.0000,Consumo de alimentos,115.5200,Unidad de servicio,115.5200,2025-11-21 10:33:11.707,0.000000
1.0000,Energizer Pila Recargable AA Paquete de 2 Pilas,93.0200,pieza,93.0200,2025-11-21 10:32:11.397,56.000000
5.0000,Energizer Pila Recargable AA Paquete de 2 Pilas,465.1000,pieza,93.0200,2025-11-21 10:32:11.397,56.000000
1.0000,Hospedaje (2),3666.0000,Habitación,3666.0000,2025-11-21 10:31:07.867,0.000000
1.0000,RESTAURANTE,250.0000,SERVICIO,250.0000,2025-11-21 10:23:10.910,0.000000
1.0000,CONSUMO DE ALIMENTOS EN RESTAURANTE,318.9700,1.00,318.9700,2025-11-21 10:23:10.910,0.000000
1.0000,SERVICIOS DE CAFETERÍA AL 16%,92.2400,Servicio,92.2400,2025-11-21 10:22:10.457,0.000000
1.0000,"PERFIL TUBULAR RECTANGULAR 2""X2"" C-14 C/6MT",412.0700,TRAMO,412.0690,2025-11-21 10:17:13.900,75.000000
0.2500,"SOLDADURA INFRA/FLEXARC 6013 1/8"" PUNTA NARANJA KG",23.8400,KILO,95.3450,2025-11-21 10:17:13.900,75.000000
0.2500,"SOLDADURA INFRA/CHAMPION 6013 3/32"" KG",27.8900,KILO,111.5520,2025-11-21 10:17:13.900,75.000000
1.0000,LENTES MILWAUKEE GRIS ANTIRAYADURAS,276.6400,PIEZA,276.6380,2025-11-21 10:17:13.900,75.000000
1.0000,VIDRIO PARA CARETA 12 SOMBRAS,6.9800,PIEZA,6.9830,2025-11-21 10:17:13.900,75.000000
2.0000,Epura 20 Lts Policarbonato,104.0000,PZA,52.0000,2025-11-21 10:15:08.423,0.000000
1.0000,CONSUMO DE ALIMENTOS Y BEBIDAS,422.4100,Unidad de servicio,422.4100,2025-11-21 10:14:07.733,0.000000
1.0000,CONSUMO DE ALIMENTOS SEGUN FOLIO: 31218,237.0700,Pieza,237.0700,2025-11-21 10:14:07.733,0.000000
30.9380,Premium (Despacho 8529691-0),696.0700,Litros,22.4990,2025-11-21 10:14:07.733,0.000000
1.0000,Tarifa,132.3600,Unidad de servicio,132.3600,2025-11-21 10:13:11.023,0.000000
1.0000,Tarifa,137.6400,Unidad de servicio,137.6400,2025-11-21 10:13:11.023,0.000000
1.0000,Tarifa,84.9000,Unidad de servicio,84.9000,2025-11-21 10:13:11.023,0.000000
1.0000,CONTRIBUCIÓN GUBERNAMENTAL: 1.5%,1.2500,NO APLICA,1.2500,2025-11-21 10:13:11.023,0.000000
1.0000,Tarifa,119.0200,Unidad de servicio,119.0200,2025-11-21 10:13:11.023,0.000000
29.7470,PEMEX MAGNA,617.5400,Litro,20.7600,2025-11-21 10:09:07.990,0.000000
1.0000,SERVICIOS DE CAFETERÍA AL 16%,166.3800,Servicio,166.3800,2025-11-21 10:08:09.703,0.000000
1.0000,"SERVICIO DE TRANSPORTE DE PRIMERA PLUS CYA-MORE 16/10/2025 COMPLETO, NIDIA TORALBA. VTA REALIZADA EN CELAYA GUANAJUATO, Av. Anto",288.7900,Viaje,288.7900,2025-11-21 10:06:11.747,0.000000
3.0000,ACEITE ATF III/MERCON AKRON 94,179.3100,Pieza,59.7700,2025-11-21 10:05:09.940,0.000000
1.0000,GRANITA CAPPUCCINO,71.5520,PZA,71.5520,2025-11-21 10:05:09.940,0.000000
1.0000,STRUDEL MANZANA,38.7930,PZA,38.7930,2025-11-21 10:05:09.940,0.000000
1.0000,Habitacion,12540.0000,NULL,12540.0000,2025-11-21 10:03:12.000,0.000000
1.0000,BISQUETS ENERGY BISQUETS LA INTEGRAL 180 GR BOLSA CHOCOLATE,31.4810,EA,31.4810,2025-11-21 10:01:11.897,0.000000
1.0000,UHT LALA 100 PROT REDUC GRASA 1 LT PL,44.9000,EA,44.9000,2025-11-21 10:01:11.897,0.000000
1.0000,SANDWICH KIRLUNCH TRIPLE INTEGRAL JAMON PAVO 180G,56.0000,EA,56.0000,2025-11-21 10:01:11.897,0.000000
1.0000,Restaurante,241.3800,NULL,241.3790,2025-11-21 09:59:09.057,0.000000
42.8850,MAGNA,869.5800,Litros,20.2770,2025-11-21 09:58:09.653,0.000000
1.0000,Consumo de Alimentos TiquetT0011467737,421.5500,CONSUMO,421.5500,2025-11-21 09:56:09.983,0.000000
25.0100,BP REGULAR 87 OCTANOS,519.2100,Litros,20.7600,2025-11-21 09:46:11.823,0.000000
1.0000,MVPIZZA and STIX,109.7700,Pieza,109.7700,2025-11-21 09:38:10.423,0.000000
1.0000,Crazy Bread,26.9200,Pieza,26.9200,2025-11-21 09:38:10.423,0.000000
1.0000,Crazy Sauce,13.1200,Pieza,13.1200,2025-11-21 09:38:10.423,0.000000
1.0000,Refresco 600mL,13.1200,Pieza,13.1200,2025-11-21 09:38:10.423,0.000000
1.0000,Crazy Puffs Pepperoni,42.2400,Pieza,42.2400,2025-11-21 09:38:10.423,0.000000
1.0000,Refresco 600mL,16.3800,Pieza,16.3800,2025-11-21 09:38:10.423,0.000000
1.0000,Alimento Congelado,50.0000,NULL,50.0000,2025-11-21 09:38:10.423,0.000000
1.0000,Consumo de Alimentos,142.2400,NULL,142.2400,2025-11-21 09:38:10.423,0.000000
1.0000,59050T70D DESCUENTO 70% MULTA ADMINISTRATIVA ART. 47 R.T.V.M.H.,1221.9100,ACT,1221.9100,2025-11-21 09:38:10.423,0.000000
1.0000,59050T MULTA ADMINISTRATIVA ART. 47 R.T.V.M.H.,2036.5200,ACT,2036.5200,2025-11-21 09:38:10.423,0.000000
1.0000,9999 REDONDEO (ART. 27 DEL COD. FIN.),0.3900,ACT,0.3900,2025-11-21 09:38:10.423,0.000000
1.0000,Consumo de Alimentos TiquetT0011467738,395.6900,CONSUMO,395.6900,2025-11-21 09:37:11.613,0.000000
1.0000,Crazy Puffs Pepperoni,42.2400,Pieza,42.2400,2025-11-21 09:35:11.597,0.000000
1.0000,Clásica de Pepperoni,85.3500,Pieza,85.3500,2025-11-21 09:35:11.597,0.000000
1.0000,Crazy Bread,36.2100,Pieza,36.2100,2025-11-21 09:35:11.597,0.000000
1.0000,Crazy Sauce,17.2400,Pieza,17.2400,2025-11-21 09:35:11.597,0.000000
1.0000,Refresco 2L,38.7900,Pieza,38.7900,2025-11-21 09:35:11.597,0.000000
25.0050,SUPREME+,554.0200,Litros,22.1560,2025-11-21 09:34:11.217,0.000000
1.0000,TIMBER ROUND ANTHRACITE 160 CM,1999.1380,pz,1999.1380,2025-11-21 09:34:11.217,600.000000
1.0000,RECARGA IDMX,344.8280,NO APLICA,344.8280,2025-11-21 09:31:11.430,0.000000
1.0000,RECARGA IDMX,603.4480,NO APLICA,603.4480,2025-11-21 09:31:11.430,0.000000
3.0000,PAN DULCE CUERNITOS TIA ROSA 100 GR BOLSA,86.1110,EA,28.7040,2025-11-21 09:31:11.430,0.000000
1.0000,AGUA PURIFICADA CIEL 2 LTS,25.0000,EA,25.0000,2025-11-21 09:31:11.430,0.000000
2.0000,MOKA CAPUCCINO CAFE OLE 281 ML BOTELLA,66.0000,EA,33.0000,2025-11-21 09:31:11.430,0.000000
4.0000,CUERNO 90GR,26.5830,EA,6.6460,2025-11-21 09:31:11.430,0.000000
1.0000,KOTEX NOTCURNA ULTRADELGADA CA 10S,21.9000,EA,21.9000,2025-11-21 09:31:11.430,0.000000
1.0000,PEDIDO ESPECIAL,735.0000,NULL,735.0000,2025-11-21 09:30:11.373,0.000000
1.0000,CUERNITO LONCHIBON JAMON Y QUESO 135G,35.7760,EA,35.7760,2025-11-21 09:29:08.740,0.000000
1.0000,CUERNITO LONCHIBON PHILADELPHIA 150G,35.7760,EA,35.7760,2025-11-21 09:29:08.740,0.000000
1.0000,YOPLAIT BEBER FRESA 470 G,31.0000,EA,31.0000,2025-11-21 09:29:08.740,0.000000
2.0000,GALLETAS INTEGRALES ARANDANO BITZ 80G,25.9260,EA,12.9630,2025-11-21 09:29:08.740,0.000000
1.0000,Servicios de entrega local de cartas o paquetes pequeños,177.7700,Unidad de Servicio,177.7700,2025-11-21 09:27:12.407,0.000000
2.0000,"KG TRAPO INDUSTRIAL, Notas de venta con folios : MAT207299 $62.64.",54.0000,KILOGRAMO,27.0000,2025-11-21 09:26:11.370,0.000000
1.0000,Hospedaje,4870.2800,Unidad de servicio,4870.2800,2025-11-21 09:26:11.370,0.000000
1.0000,Servicio de consumo de alimentos,377.5860,Servicio,377.5860,2025-11-21 09:25:09.790,0.000000
1.0000,Consumo ticket No. #1628 de Fecha 2025-11-20.,485.3450,NULL,485.3450,2025-11-21 09:24:09.203,0.000000
1.0000,CONSUMO DE ALIMENTOS Y BEBIDAS,351.7300,NULL,351.7300,2025-11-21 09:24:09.203,0.000000
1.0000,Emparedados (Club Sandwich),241.3800,No Aplica,241.3800,2025-11-21 09:22:10.877,0.000000
1.0000,SERVICIO DE TAXIS EL 2025-11-17 EN LA UNIDAD 2 - TICKET 2511171532,154.0000,Unidad de servicio,154.0000,2025-11-21 09:22:10.877,0.000000
2.0000,Pizza Primavera,256.8970,Servicio,128.4480,2025-11-21 09:22:10.877,0.000000
1.0000,PILAS ENERGIZER MAX 4 PZ BLISTER AAA,131.0340,EA,131.0340,2025-11-21 09:22:10.877,0.000000
1.0000,CLORALEX RENDIDOR 950ML,15.0860,EA,15.0860,2025-11-21 09:22:10.877,0.000000
6.0000,AGUA NATURAL BONAFONT 1.5 LT BOTELLA,90.0000,EA,15.0000,2025-11-21 09:22:10.877,0.000000
0.5900,Pasti Galletas kg ,101.0700,Kg,171.3100,2025-11-21 09:22:10.877,0.000000
6.0000,Cuerno Danes      ,55.5600,Pza,9.2600,2025-11-21 09:22:10.877,0.000000
1.0000,Concha Premium Vai,18.5200,Pza,18.5200,2025-11-21 09:22:10.877,0.000000
3.0000,Mini Cuerno       ,22.2200,Pza,7.4100,2025-11-21 09:22:10.877,0.000000
0.9050,Manz Granny Smith ,38.4600,Kg,42.5000,2025-11-21 09:22:10.877,0.000000
1.0000,PH Klx 100 Anos 4R,25.0000,Pza,25.0000,2025-11-21 09:22:10.877,0.000000
1.0000,Blue Berry Jumbo 2,119.0000,Pza,119.0000,2025-11-21 09:22:10.877,0.000000
1.0000,Frambuesa Domo170g,59.9000,Pza,59.9000,2025-11-21 09:22:10.877,0.000000
2.0000,Cf Ole Moka 281ml ,62.0000,Pza,31.0000,2025-11-21 09:22:10.877,0.000000
1.0000,Tortilla maiz 500 ,9.9000,Pza,9.9000,2025-11-21 09:22:10.877,0.000000
1.0000,BOLSA REUTILIZABLE,8.6200,Pza,8.6200,2025-11-21 09:22:10.877,0.000000
1.0000,Desinf Sbrand 20ml,20.2600,Pza,20.2600,2025-11-21 09:22:10.877,0.000000
1.0000,Leche Sta Clara Fr,12.0000,Pza,12.0000,2025-11-21 09:22:10.877,0.000000
1.0000,Leche Sta Clara Ch,12.0000,Pza,12.0000,2025-11-21 09:22:10.877,0.000000
1.0000,Ciel Six Pack 1 Lt,42.0000,Pza,42.0000,2025-11-21 09:22:10.877,0.000000
1.0000,Pech Pavo SRF 250 ,115.0000,Pza,115.0000,2025-11-21 09:22:10.877,0.000000
1.0000,Queso Lala Mancheg,102.0000,Pza,102.0000,2025-11-21 09:22:10.877,0.000000
1.0000,Beb Jum Nar 1.89 L,52.0000,Pza,52.0000,2025-11-21 09:22:10.877,0.000000
1.0000,Te Mccormick 25 So,22.0000,Pza,22.0000,2025-11-21 09:22:10.877,0.000000
1.0000,Mayo McCormic 105g,22.5000,Pza,22.5000,2025-11-21 09:22:10.877,0.000000
1.0000,Mer St. D Hig 284g,99.0000,Pza,99.0000,2025-11-21 09:22:10.877,0.000000
1.0000,YChobaniNatura907g,155.0000,Pza,155.0000,2025-11-21 09:22:10.877,0.000000
2.0000,TERRONES AVENA ARANDANO 160 G,61.1110,EA,30.5560,2025-11-21 09:21:12.753,0.000000
1.0000,AGUA PURIFICADA CIEL 1.5 LT BOTE,23.0000,EA,23.0000,2025-11-21 09:21:12.753,0.000000
1.0000,COCA COLA REGULAR CHUBBY 355ML PET,15.5170,EA,15.5170,2025-11-21 09:21:12.753,0.000000
1.0000,OREO GOLDEN 105G,14.8150,EA,14.8150,2025-11-21 09:21:12.753,0.000000
1.0000,OREO 10PZ 114G,14.8150,EA,14.8150,2025-11-21 09:21:12.753,0.000000
1.0000,TRANSPORTE TERRESTRE DE PASAJEROS HACIA Y/O DESDE EL AEROPUERTO,1400.0000,NO APLICA,1400.0000,2025-11-21 09:21:12.753,0.000000
1.0000,VIAJE AIFA - BUENAVISTA,600.0000,Unidad de servicio,600.0000,2025-11-21 09:21:12.753,0.000000
1.0000,Ticket 1 - Caseta: APODACA Carril: 11 Fecha: 20/11/2025 Hora:  06:54:43 p. m,76.0000,Cuota de Peaje,76.0000,2025-11-21 09:21:12.753,0.000000
2.0000,"PAPEL ADHESIVO LASER, INK JET",67.2400,CAJA,33.6210,2025-11-21 09:20:09.277,0.000000
1.0000,"PAPEL OFFICE DEPOT CARTA RESMA, Fecha del pedimento:",76.7200,PIEZA,76.7240,2025-11-21 09:20:09.277,0.000000
1.0000,SERVICIOS DE CAFETERÍA AL 16%,221.5500,Servicio,221.5500,2025-11-21 09:20:09.277,0.000000
2.0000,Capuccino Grande,55.1700,NULL,27.5860,2025-11-21 09:20:09.277,0.000000
2.0000,Chapata Con Panela Y Pavo,126.0000,NULL,63.0000,2025-11-21 09:20:09.277,0.000000
1.0000,CONSUMO DE ALIMENTOS Y BEBIDAS,281.4810,NULL,281.4810,2025-11-21 09:20:09.277,0.000000
1.0000,CONSUMO DE ALIMENTOS DEL TICKET 1080325060653 DEL 2025-11-20,254.3100,NULL,254.3100,2025-11-21 09:20:09.277,0.000000
1.0000,"HOSPEDAJE CORRESPONDIENTE A LAS NOCHES DEL 20, 21 Y 22 DE NOVIEMBRE DE 2025",2355.3700,SERVICIO,2355.3700,2025-11-21 09:18:10.790,0.000000
1.0000,BISQUETS ENERGY BISQUETS LA INTEGRAL 180 GR BOLSA CHOCOLATE,31.4810,EA,31.4810,2025-11-21 09:17:11.730,0.000000
1.0000,YOG LALA BEB FRESA 440 GR,33.5000,EA,33.5000,2025-11-21 09:17:11.730,0.000000
1.0000,DONAS BIMBO 6PZ 158G,30.5560,EA,30.5560,2025-11-21 09:17:11.730,0.000000
1.0000,PENAFIEL MANGADA 600ML NR,16.8100,EA,16.8100,2025-11-21 09:17:11.730,0.000000
1.0000,GALLETAS INTEGRALES PINA BITZ 80G,14.3520,EA,14.3520,2025-11-21 09:17:11.730,0.000000
1.0000,R20OZ CAPUCHINO VAINILLA,29.3100,EA,29.3100,2025-11-21 09:17:11.730,0.000000
1.0000,RANCHERITOS SALSA NEGRA 58GR,24.0740,EA,24.0740,2025-11-21 09:17:11.730,0.000000
1.0000,ELECTROLIT UVA 1L,45.0000,EA,45.0000,2025-11-21 09:17:11.730,0.000000
1.0000,HOLANDA HEL MORDISKO CLAS VAIN 24X105ML,29.5000,EA,29.5000,2025-11-21 09:17:11.730,0.000000
3.0000,LECHE PAST LALA DESLAC 2% 1.80 LT PL PG,141.0000,EA,47.0000,2025-11-21 09:15:08.603,0.000000
2.0000,CANELITAS 12P 120G FLOW MLA,59.2590,EA,29.6300,2025-11-21 09:11:12.773,0.000000
2.0000,POLVORONES 8P 148G FLOW MLA,34.2590,EA,17.1300,2025-11-21 09:11:12.773,0.000000
6.0000,MADALENAS 1P 44G,83.3330,EA,13.8890,2025-11-21 09:11:12.773,0.000000
10.0000,PASTELITO GANSITO MARINELA 50 GR BOLSA CHOCOLATE,171.2960,EA,17.1300,2025-11-21 09:11:12.773,0.000000
3.0000,MANTECADAS VAINILLA 3PZ TIA ROSA 157G,105.5560,EA,35.1850,2025-11-21 09:11:12.773,0.000000
2.0000,MINI BARRITA FRESA 222G MLA,80.5560,EA,40.2780,2025-11-21 09:11:12.773,0.000000
12.0000,REFRESCO DE COLA PEPSI 400 ML BOTE NO RETORNABLE,129.3100,EA,10.7760,2025-11-21 09:11:12.773,0.000000
6.0000,REFRESCO COCACOLA 600 ML BOTELLA NO RETORNABLE COLA LIGHT,95.6900,EA,15.9480,2025-11-21 09:11:12.773,0.000000
4.0000,JOYA MANZANA 400ML NR,55.1720,EA,13.7930,2025-11-21 09:11:12.773,0.000000
1.0000,Ticket 1 - Caseta: APODACA Carril: 3 Fecha: 11/11/2025 Hora:  08:07:21 p. m,76.0000,Cuota de Peaje,76.0000,2025-11-21 09:06:10.727,0.000000
1.0000,CONSUMO DE ALIMENTOS,400.8600,SERVICIO,400.8600,2025-11-21 09:03:09.607,0.000000
1.0000,CONSUMO,420.2600,UNIDAD DE SERVICIO,420.2600,2025-11-21 09:03:09.607,0.000000
1.0000,"MICA OD 5MIL 100PZ 22.9X29.2CM, Fecha del pedimento:",430.1700,NO APLICA,430.1720,2025-11-21 09:03:09.607,0.000000
1.0000,PAPIRRINGAS LEO 100G,29.6300,EA,29.6300,2025-11-21 09:02:11.377,0.000000
1.0000,GATORADE SIN AZUCAR FRAMBUESA 1LT,36.2070,EA,36.2070,2025-11-21 09:02:11.377,0.000000
1.0000,Ticket 1 - Caseta: LINCOLN Carril: 52 Fecha: 11/11/2025 Hora:  07:54:35 p. m,45.0000,Cuota de Peaje,45.0000,2025-11-21 09:02:11.377,0.000000
1.0000,TOPO CHICO TWIST TORONJA 600ML NR NR,18.5340,EA,18.5340,2025-11-21 09:02:11.377,0.000000
1.0000,PALETA KIT KAT MILK REF 71GR,41.6670,EA,41.6670,2025-11-21 09:02:11.377,0.000000
1.0000,TRAPOS INDUSTRIALES,353.4480,PZ,353.4480,2025-11-21 09:01:07.467,0.000000
65.0000,COP-IMP BOND CARTA B N 1-99H,84.0500,Pieza,1.2900,2025-11-21 08:59:12.230,0.000000
6.0000,MM AGUA 18PZ,441.9600,PIEZAS,73.6600,2025-11-21 08:59:12.230,21.000000
2.0000,POWERADE 1LT,492.1030,PIEZAS,246.0520,2025-11-21 08:59:12.230,21.000000
1.0000,Hospedaje,1050.0000,Habitación,1050.0000,2025-11-21 08:58:07.777,0.000000
1.0000,R20OZ CAPUCHINO REGULAR,29.3100,EA,29.3100,2025-11-21 08:57:12.833,0.000000
1.0000,DORITOS NACHO 61GR,25.0000,EA,25.0000,2025-11-21 08:57:12.833,0.000000
1.0000,FRITOS CHORIZO 170GR,48.6110,EA,48.6110,2025-11-21 08:57:12.833,0.000000
1.0000,ELECTROLIT FRESA KIWI 625ML,39.0000,EA,39.0000,2025-11-21 08:57:12.833,0.000000
1.0000,ELECTROLIT UVA 1L,45.0000,EA,45.0000,2025-11-21 08:57:12.833,0.000000
1.0000,TRIDENT VAL U PACK YERBABUENA 18S,26.2930,EA,26.2930,2025-11-21 08:57:12.833,0.000000
1.0000,16OZ KREA CAPUCHINO MOKA,32.7590,EA,32.7590,2025-11-21 08:55:14.313,0.000000
1.0000,R16OZ KREA CAPUCHINO REGULAR,27.5860,EA,27.5860,2025-11-21 08:55:14.313,0.000000
1.0000,MANGUITOS ENCHILADOS LUCKY GUMMYS 96G,25.9260,EA,25.9260,2025-11-21 08:55:14.313,0.000000
1.0000,KARATE JAP 127GR,27.7780,EA,27.7780,2025-11-21 08:55:14.313,0.000000
1.0000,ELECTROLIT UVA 625 ML,39.0000,EA,39.0000,2025-11-21 08:55:14.313,0.000000
1.0000,SKWINKLOTE SANDIA 40GR,21.2960,EA,21.2960,2025-11-21 08:55:14.313,0.000000
1.0000,ALMENDRAS BITZ CUBIERTA SABOR CHOCOLATE 40 GRS,18.5190,EA,18.5190,2025-11-21 08:55:14.313,0.000000
1.0000,TUR 70% CACAO TABLETA CS 151816G,22.2220,EA,22.2220,2025-11-21 08:55:14.313,0.000000
1.0000,GALLETA LA OLIVA DE CHOCO CHIPS 60GR,17.1300,EA,17.1300,2025-11-21 08:55:14.313,0.000000
1.0000,FITCHIPS CAMOTE JALAPENO 45G,24.0740,EA,24.0740,2025-11-21 08:55:14.313,0.000000
1.0000,AGUA NATURAL BONAFONT 1 LT BOTELLA,17.0000,EA,17.0000,2025-11-21 08:55:14.313,0.000000
1.0000,Servicio de comida rC!pida,106.0300,Unidad de Servicio,106.0300,2025-11-21 08:55:14.313,0.000000
1.0000,consumo,265.0000,PZ,265.0000,2025-11-21 08:53:11.513,0.000000
1.0000,Servicio de Hospedaje DEL 20 DE NOVIEMBRE DEL 2025,588.2300,No Aplica,588.2300,2025-11-21 08:51:11.807,0.000000
1.0000,TRIKITR GALL C/8 69GR,32.5000,NULL,32.5000,2025-11-21 08:50:11.753,0.000000
1.0000,HOSPEDAJE,798.3200,UNIDAD DE SERVICIO,798.3200,2025-11-21 08:50:11.753,0.000000
1.0000,CONSUMO DE ALIMENTOS Y BEBIDAS,370.6900,NULL,370.6900,2025-11-21 08:50:11.753,0.000000
1.0000,AE-ESTACIONAMIENTO PUB. GRAL.,50.0000,SERVICIO,50.0000,2025-11-21 08:48:09.393,0.000000
30.0000,SUPREME,655.8900,Litros,21.8630,2025-11-21 08:48:09.393,0.000000
1.0000,COMISION RECARGA IDMX,8.6210,NO APLICA,8.6210,2025-11-21 08:48:09.393,0.000000
1.0000,RECARGA IDMX,853.4480,NO APLICA,853.4480,2025-11-21 08:48:09.393,0.000000
2.0000,BRAN FR BARR FRESA 58GR,41.0000,NULL,20.5000,2025-11-21 08:40:06.420,0.000000
1.0000,BONAFON AGUA 1LT,18.5000,NULL,18.5000,2025-11-21 08:40:06.420,0.000000
1.0000,VASO CAPUCCINO NL 16OZ,26.7240,NULL,26.7240,2025-11-21 08:40:06.420,0.000000
1.0000,CONSUMO DE ALIMENTOS Y BEBIDAS,342.2300,NULL,342.2300,2025-11-21 08:39:08.140,0.000000
1.0000,PQT. DE ALIMENTOS (CONSUMO: 2025-11-20) FOLIO(0673103562532401),286.2100,Paquete,286.2100,2025-11-21 08:37:08.617,0.000000
1.0000,Servicio de consumo de alimentos,161.1100,Servicio,161.1100,2025-11-21 08:37:08.617,0.000000
1.0000,Servicio de consumo de alimentos,161.1100,Servicio,161.1100,2025-11-21 08:37:08.617,0.000000
1.0000,MAGNUM ALMENDRAS 90ML,44.9070,EA,44.9070,2025-11-21 08:37:08.617,0.000000
1.0000,PALETA NESTLE SABOR LIMON 2583G NAL,32.0000,EA,32.0000,2025-11-21 08:37:08.617,0.000000
1.0000,PANDITAS CLASICOS 65G CTR RIC,24.5370,EA,24.5370,2025-11-21 08:37:08.617,0.000000
1.0000,CREMAX VAINILLA RG3 113GRX36X1,22.6850,EA,22.6850,2025-11-21 08:37:08.617,0.000000
2.0000,JUMEXITO MINI200ML J FRUTASTROPICALES,20.0000,EA,10.0000,2025-11-21 08:37:08.617,0.000000
1.0000,PANDITAS CLASICOS 115 GR,37.0370,EA,37.0370,2025-11-21 08:37:08.617,0.000000
1.0000,AGUA PURIFICADA EPURA 600 ML BOTE,14.0000,EA,14.0000,2025-11-21 08:37:08.617,0.000000
1.0000,AGUA NATURAL BONAFONT 1 LT BOTELLA,16.5000,EA,16.5000,2025-11-21 08:37:08.617,0.000000
1.0000,DOUBLEMINT SLIMPACK 37.5 GR 15S,32.3280,EA,32.3280,2025-11-21 08:37:08.617,0.000000
1.0000,COCA COLA SA 600 ML NR,19.3970,EA,19.3970,2025-11-21 08:37:08.617,0.000000
2.0000,AGUA PURIFICADA EPURA 600 ML BOTE,30.0000,EA,15.0000,2025-11-21 08:37:08.617,0.000000
1.0000,CHICHARRON DE CERDO NATURAL BITZ 120 GR,64.0000,EA,64.0000,2025-11-21 08:37:08.617,0.000000
1.0000,TACOS DE RES CONSUMO DEL 14 DE NOVIEMBRE DEL 2025,175.9300,PIEZA,175.9300,2025-11-21 08:37:08.617,0.000000
1.0000,TACOS DE RES,175.9300,PIEZA,175.9300,2025-11-21 08:37:08.617,0.000000
1.0000,TACOS DE PASTOR,175.9300,PIEZA,175.9300,2025-11-21 08:37:08.617,0.000000
1.0000,JARRA DE JAMAICA,134.2600,PIEZA,134.2600,2025-11-21 08:37:08.617,0.000000
1.0000,SERVICIO DE CONSUMO DE ALIMENTOS,101.7240,SERVICIO,101.7240,2025-11-21 08:37:08.617,0.000000
1.0000,SERVICIO DE CONSUMO DE ALIMENTOS,620.0340,SERVICIO,620.0340,2025-11-21 08:37:08.617,289.000000
11.0000,LIQUIDOS,363.0000,PIEZA,33.0000,2025-11-21 08:36:05.793,0.000000
1.0000,LC2461324461 VILLA AHUMADA,235.0000,NULL,235.0000,2025-11-21 08:36:05.793,0.000000
1.0000,LB5569262051 VILLA AHUMADA,235.0000,NULL,235.0000,2025-11-21 08:36:05.793,0.000000
1.0000,MD3068746143 SACRAMENTO,94.0000,NULL,94.0000,2025-11-21 08:36:05.793,0.000000
1.0000,MD6054124762 SACRAMENTO,94.0000,NULL,94.0000,2025-11-21 08:36:05.793,0.000000
1.0000,CONSUMO,138.8900,SERVICIO,138.8900,2025-11-21 08:36:05.793,0.000000
1.0000,CONSUMO,138.8900,SERVICIO,138.8900,2025-11-21 08:36:05.793,0.000000
1.0000,HOSPEDAJE,1650.0000,SERVICIO,1650.0000,2025-11-21 08:36:05.793,0.000000
1.0000,HOSPEDAJE,1650.0000,SERVICIO,1650.0000,2025-11-21 08:36:05.793,0.000000
40.0000,PREMIUM,863.8360,LTR Litro,21.5960,2025-11-21 08:33:11.843,0.000000
1.0000,RENTA DE HABITACION,909.0000,SERVICIO,909.0000,2025-11-21 08:31:05.613,0.000000
57.6150,MAGNA (Despacho 12799602-0),1196.0600,Litros,20.7600,2025-11-21 08:30:11.567,0.000000
1.0000,GATORADE UVA 1 LT,36.2070,EA,36.2070,2025-11-21 08:25:12.443,0.000000
1.0000,GATORADE MORAS BLACK ICE 1LT,34.4830,EA,34.4830,2025-11-21 08:25:12.443,0.000000
1.0000,SANGRIA CASERA ORIGINAL 600ML NR,17.2410,EA,17.2410,2025-11-21 08:25:12.443,0.000000
2.0000,AMPER SHARK 473ML,39.6550,EA,19.8280,2025-11-21 08:25:12.443,0.000000
1.0000,MAZAPAN 40 GR,10.1850,EA,10.1850,2025-11-21 08:25:12.443,0.000000
1.0000,SUEROX ADULTO SABOR FRESA 630ML12,23.2760,EA,23.2760,2025-11-21 08:24:11.870,0.000000
2.0000,MARIAS POSTRECITOS PAY MANGO 70GR,36.0000,EA,18.0000,2025-11-21 08:24:11.870,0.000000
1.0000,PAN DULCE REBANADAS BIMBO 55 GR BOLSA GLASS,15.2780,EA,15.2780,2025-11-21 08:24:11.870,0.000000
1.0000,ROLES GLASS 3P 205G BIM,31.4810,EA,31.4810,2025-11-21 08:24:11.870,0.000000
2.0000,AMPER ENERGY DRINK 473ML,39.6550,EA,19.8280,2025-11-21 08:24:11.870,0.000000
1.0000,Restaurantes,343.9700,NULL,343.9700,2025-11-21 08:21:12.337,0.000000
1.0000,Hospedaje,2955.0000,NULL,2955.0000,2025-11-21 08:21:12.337,0.000000
1.0000,RENTA HABITACION,1785.0000,NA,1785.0000,2025-11-21 08:11:10.153,0.000000
1.0000,Habitaciones,4350.0000,NULL,4350.0000,2025-11-21 08:03:07.373,0.000000
6.0000,HOSPEDAJE HABITACION SENCILLA 900 T,4518.8400,E48,753.1400,2025-11-21 07:17:12.593,0.000000
1.0000,RENTA DE HABITACION,4200.0000,SERVICIO,4200.0000,2025-11-21 07:17:12.593,0.000000
1.0000,CONSUMO DE ALIMENTOS DEL 12 DE NOVIEMBRE 2025,280.1720,PZ,280.1720,2025-11-21 07:09:10.507,0.000000
1.0000,SERV CONSUMO DE ALIMENTOS  13 DE NOVIEMBRE DEL 2025,668.4500,Unidad de servicio,668.4500,2025-11-21 07:05:08.800,0.000000
1.0000,CONSUMO DE ALIMENTOS 20 NOVIEMBRE 2025,379.3100,PZ,379.3100,2025-11-21 01:46:11.173,0.000000
1.0000,SERVICIO TRANSPORTE DE PASAJEROS 06-11-2025 07:00 MXN - QRO HUMBERTO  CONTRERAS MXNE1600159569978,433.1900,Viaje,433.1900,2025-11-21 01:12:04.327,0.000000
1.0000,SERVICIO TRANSPORTE DE PASAJEROS QRO - MXN HUMBERTO  CONTRERAS MXNE1600159569979,239.2200,Viaje,239.2200,2025-11-21 01:11:05.433,0.000000
1.0000,Tarifa,172.3700,Unidad de servicio,172.3700,2025-11-20 23:56:11.100,0.000000
1.0000,Tarifa,300.3800,Unidad de servicio,300.3800,2025-11-20 23:55:09.270,0.000000
1.0000,Tarifa,129.2800,Unidad de servicio,129.2800,2025-11-20 23:55:09.270,0.000000
1.0000,Tarifa,130.1700,Unidad de servicio,130.1700,2025-11-20 23:55:09.270,0.000000
1.0000,Tarifa,241.9700,Unidad de servicio,241.9700,2025-11-20 23:55:09.270,0.000000
1.0000,Tarifa,318.8900,Unidad de servicio,318.8900,2025-11-20 23:55:09.270,0.000000
1.0000,Tarifa,318.9600,Unidad de servicio,318.9600,2025-11-20 23:55:09.270,0.000000
1.0000,SERVICIOS DE BUSES CON HORARIOS PROGRAMADOS-SERVICIOS DE VIAJE ADO GL PUEBLA CAPU-XALAPA FOL. 020165932351 ASIENTO. 22 19/11/202,441.3800,UNIDAD DE SERVICIO,441.3800,2025-11-20 23:42:13.463,0.000000
1.0000,SERVICIOS DE BUSES CON HORARIOS PROGRAMADOS-SERVICIOS DE VIAJE ADO GL XALAPA-MEXICO TAPO FOL. 110164679612 ASIENTO. 26 20/11/202,710.3400,UNIDAD DE SERVICIO,710.3400,2025-11-20 23:42:13.463,0.000000
1.0000,SERVICIOS DE TAXI-UN VIAJE CON FOLIO: C19418499 ORIGEN: VERACRUZ - DESTINO: ZONA 2 Y FECHA: 2025-11-03 11:09:02,315.0000,UNIDAD DE SERVICIO,315.0000,2025-11-20 23:39:11.917,0.000000
1.0000,CONSUMO,155.1700,SERVICIO,155.1700,2025-11-20 23:37:08.977,0.000000
3.0000,AGUA PURIFICADA CIEL 19 LT BOTE,163.5000,EA,54.5000,2025-11-20 23:29:11.267,0.000000
2.0000,BOLSA DE HIELO 4KG,76.0000,EA,38.0000,2025-11-20 23:29:11.267,0.000000
3.0000,AGUA PURIFICADA CIEL 19 LT BOTE,163.5000,EA,54.5000,2025-11-20 23:29:11.267,0.000000
3.0000,HIELO GLADIATOR 5KG,126.0000,EA,42.0000,2025-11-20 23:29:11.267,0.000000
2.0000,CERCHA PERFORADA 10 MTS CPF10,325.9500,Pieza,162.9750,2025-11-20 23:29:11.267,0.000000
35.0000,TUERCA ESTANDAR 3/16 + TCAGAL316,65.1400,Pieza,1.8610,2025-11-20 23:29:11.267,0.000000
35.0000,TORNILLO EST RED (09) 3/16 x 3/4 + TMR3634,65.1400,Pieza,1.8610,2025-11-20 23:29:11.267,0.000000
4.0000,COP-IMP BOND CARTA COLOR 1-49H,54.8100,PIEZA,13.7040,2025-11-20 23:29:11.267,0.000000
1.0000,LIBRETA TRANSITO OD AZUL,69.4400,PIEZA,69.4440,2025-11-20 23:29:11.267,0.000000
1.0000,"PROTECTOR OFFICE DEPOT XR81008, Fecha del pedimento: 2025-01-16 16:23:00",82.4100,CAJA,82.4070,2025-11-20 23:29:11.267,0.000000
2.0000,COP-IMP BOND CARTA COLOR 1-49H,27.4100,PIEZA,13.7040,2025-11-20 23:29:11.267,0.000000
3.0000,ENVASE GARRAFON DE AGUA PURIFICADA 20 LT,193.7070,EA,64.5690,2025-11-20 23:25:05.180,0.000000
6.0000,AGUA PURIFICADA CIEL 20 LT BOTE,360.0000,EA,60.0000,2025-11-20 23:25:05.180,0.000000
3.0000,AGUA PURIFICADA BONAFONT 20 LT GARRAFON,186.0000,EA,62.0000,2025-11-20 23:25:05.180,0.000000
4.0000,MARCADOR,79.3100,PIEZAS,19.8280,2025-11-20 23:25:05.180,0.000000
2.0000,BOLGRAFO B,39.6550,PIEZAS,19.8280,2025-11-20 23:25:05.180,0.000000
2.0000,CORREC,36.2070,PIEZAS,18.1030,2025-11-20 23:25:05.180,0.000000
2.0000,BOL N 10P,70.6900,PIEZAS,35.3450,2025-11-20 23:25:05.180,0.000000
2.0000,BICOLOR,50.0000,PIEZAS,25.0000,2025-11-20 23:25:05.180,0.000000
2.0000,CIEL6PK 1L,92.0000,PIEZAS,46.0000,2025-11-20 23:25:05.180,12.000000
1.0000,MINI DONA 900 GRAMOS KIRKLAND SIGNATURE,86.7000,Pieza,86.7000,2025-11-20 23:23:07.873,24.000000
1.0000,CROISSANT PAVO/POLLO MOLE/ESPAÑOL KIRKLAND SIGNATURE,686.9800,Pieza,686.9800,2025-11-20 23:23:07.873,24.000000
1.0000,SURTIDO DE SABORES 24/500 ML BOING,298.9500,Caja,298.9500,2025-11-20 23:23:07.873,24.000000
1.0000,CONSUMO,999.1380,NA,999.1380,2025-11-20 23:23:07.873,0.000000
1.0000,SERVICIOS DE CAFETERÍA AL 16%,85.3400,Servicio,85.3400,2025-11-20 23:14:05.830,0.000000
1.0000,"SERVICIO DE TRANSPORTE DE PRIMERA PLUS MEX-AGS 28/10/2025 COMPLETO, MA DEL CARMEN RAMIRE. VTA REALIZADA EN Delg. Gustavo A. Made",810.3400,Viaje,810.3400,2025-11-20 23:14:05.830,0.000000
1.0000,CONSUMO RESTAURANTE 64163  ,268.1000,Servicio,268.1000,2025-11-20 23:14:05.830,0.000000
1.0000,CONSUMO CAFETERÍA ORDEN # 21657,107.7600,Unidad de servicio,107.7580,2025-11-20 23:14:05.830,0.000000
1.0000,Facturacion,193.9700,Unidad de servicio,193.9700,2025-11-20 23:14:05.830,0.000000
1.0000,Alimentos preparados a domicilio,68.1000,SRV,68.1000,2025-11-20 23:14:05.830,0.000000
1.0000,CONSUMO DE ALIMENTOS,412.9310,NULL,412.9310,2025-11-20 23:14:05.830,0.000000
1.0000,E PURA  600 ML,25.0000,NULL,25.0000,2025-11-20 23:14:05.830,0.000000
1.0000,CHIPS JALAPEÑO 60 GR BAR,34.2590,NULL,34.2590,2025-11-20 23:14:05.830,0.000000
1.0000,Tarifa,261.9100,Unidad de servicio,261.9100,2025-11-20 23:10:11.157,0.000000
301.0000,COP-IMP BOND CTA B&N 100-499H,363.2700,PIEZA,1.2070,2025-11-20 22:58:11.160,86.000000
1.0000,"CARPETA BRILLANTE 1/2"" AZUL O",76.7200,PIEZA,76.7200,2025-11-20 22:58:11.160,86.000000
10.0000,TAPÓN CUBRE-TALADROS ROSCADO,439.6600,PIEZA,43.9700,2025-11-20 22:57:12.637,0.000000
4.0000,BROCA SIERRA BI METÁLICA DE 1 PULG.,1155.1700,PIEZA,288.7900,2025-11-20 22:57:12.637,0.000000
1.0000,BROCA DIAMANTADA PARA PORCELANATO 1,771.5500,PIEZA,771.5500,2025-11-20 22:57:12.637,0.000000
1.0000,BROCA DIAMANTADA PARA PORCELANATO 1,642.2400,PIEZA,642.2400,2025-11-20 22:57:12.637,0.000000
1.0000,DEL VALLE PET N DZO 61LT,30.5000,EA,30.5000,2025-11-20 22:30:07.383,0.000000
1.0000,HIELERA IMPRESA OXXO FANOSA 1 PZ BOLSA 21 LT,95.2590,EA,95.2590,2025-11-20 22:30:07.383,0.000000
1.0000,CACAHUATE TAJIN BITZ 160 GR,20.3700,EA,20.3700,2025-11-20 22:30:07.383,0.000000
1.0000,BOLSA BIOPLASTICA OXXO 1PZ,1.7240,EA,1.7240,2025-11-20 22:27:09.910,0.000000
1.0000,PASTELITO CHOCO ROLES MARINELA 80 GR BOLSA CHOCOLATE Y PINA,25.4630,EA,25.4630,2025-11-20 22:27:09.910,0.000000
1.0000,DEL VALLE PET N DZO 61LT,30.5000,EA,30.5000,2025-11-20 22:27:09.910,0.000000
2.0000,CACAHUATES SKWINKLES CHUNKS BITZ 142G,44.4440,EA,22.2220,2025-11-20 22:27:09.910,0.000000
1.0000,CONSUMO DE ALIMENTOS Y BEBIDAS,306.8970,NULL,306.8970,2025-11-20 22:24:11.477,0.000000
1.0000,Consumo De Alimentos,116.3800,NULL,116.3800,2025-11-20 22:19:08.760,0.000000
1.0000,SERVICIO DE VIAJE - BOLETO: 60636179 - Tepic a Culiacan - Rafael Pacheco,1000.0000,SERVICIO,1000.0000,2025-11-20 22:18:14.430,0.000000
1.0000,Tarifa,120.6000,Unidad de servicio,120.6000,2025-11-20 22:16:13.020,0.000000
1.0000,Tarifa,311.2700,Unidad de servicio,311.2700,2025-11-20 22:16:13.020,0.000000
1.0000,Tarifa,86.1600,Unidad de servicio,86.1600,2025-11-20 22:16:13.020,0.000000
1.0000,Tarifa,155.1600,Unidad de servicio,155.1600,2025-11-20 22:16:13.020,0.000000
1.0000,Tarifa,103.4100,Unidad de servicio,103.4100,2025-11-20 22:16:13.020,0.000000
1.0000,Tarifa,66.5000,Unidad de servicio,66.5000,2025-11-20 22:16:13.020,0.000000
1.0000,Tarifa,129.2700,Unidad de servicio,129.2700,2025-11-20 22:16:13.020,0.000000
1.0000,Tarifa,120.8400,Unidad de servicio,120.8400,2025-11-20 22:16:13.020,0.000000
1.0000,Tarifa,402.6400,Unidad de servicio,402.6400,2025-11-20 22:16:13.020,0.000000
1.0000,Tarifa,51.8700,Unidad de servicio,51.8700,2025-11-20 22:16:13.020,0.000000
1.0000,CONTRIBUCIÓN GUBERNAMENTAL: 1.5%,0.7400,NO APLICA,0.7400,2025-11-20 22:16:13.020,0.000000
1.0000,Tarifa,51.6600,Unidad de servicio,51.6600,2025-11-20 22:16:13.020,0.000000
1.0000,Tarifa,206.4400,Unidad de servicio,206.4400,2025-11-20 22:16:13.020,0.000000
1.0000,CONTRIBUCIÓN GUBERNAMENTAL: 1.5%,3.1100,NO APLICA,3.1100,2025-11-20 22:16:13.020,0.000000
1.0000,Tarifa,78.2900,Unidad de servicio,78.2900,2025-11-20 22:16:13.020,0.000000
1.0000,Tarifa,146.5100,Unidad de servicio,146.5100,2025-11-20 22:16:13.020,0.000000
1.0000,Tarifa,170.3700,Unidad de servicio,170.3700,2025-11-20 22:16:13.020,0.000000
1.0000,Tarifa,137.9000,Unidad de servicio,137.9000,2025-11-20 22:16:13.020,0.000000
1.0000,Tarifa,34.4200,Unidad de servicio,34.4200,2025-11-20 22:16:13.020,0.000000
1.0000,Tarifa,126.3500,Unidad de servicio,126.3500,2025-11-20 22:16:13.020,0.000000
1.0000,Tarifa,32.4000,Unidad de servicio,32.4000,2025-11-20 22:16:13.020,0.000000
1.0000,CONTRIBUCIÓN GUBERNAMENTAL: 1.5%,0.4400,NO APLICA,0.4400,2025-11-20 22:16:13.020,0.000000
1.0000,Tarifa,180.9700,Unidad de servicio,180.9700,2025-11-20 22:16:13.020,0.000000
1.0000,Tarifa,112.0200,Unidad de servicio,112.0200,2025-11-20 22:16:13.020,0.000000
1.0000,Tarifa,42.5600,Unidad de servicio,42.5600,2025-11-20 22:16:13.020,0.000000
1.0000,CONTRIBUCIÓN GUBERNAMENTAL: 1.5%,0.5100,NO APLICA,0.5100,2025-11-20 22:16:13.020,0.000000
1.0000,Tarifa,112.0300,Unidad de servicio,112.0300,2025-11-20 22:16:13.020,0.000000
1.0000,Tarifa,120.6100,Unidad de servicio,120.6100,2025-11-20 22:16:13.020,0.000000
1.0000,Tarifa,172.3300,Unidad de servicio,172.3300,2025-11-20 22:16:13.020,0.000000
1.0000,Tarifa,51.7200,Unidad de servicio,51.7200,2025-11-20 22:16:13.020,0.000000
1.0000,Tarifa,43.0900,Unidad de servicio,43.0900,2025-11-20 22:16:13.020,0.000000
1.0000,Tarifa,224.0900,Unidad de servicio,224.0900,2025-11-20 22:16:13.020,0.000000
1.0000,Tarifa,43.0800,Unidad de servicio,43.0800,2025-11-20 22:16:13.020,0.000000
1.0000,Tarifa,181.0200,Unidad de servicio,181.0200,2025-11-20 22:16:13.020,0.000000
1.0000,Tarifa,115.3400,Unidad de servicio,115.3400,2025-11-20 22:16:13.020,0.000000
1.0000,Tarifa,236.4600,Unidad de servicio,236.4600,2025-11-20 22:16:13.020,0.000000
1.0000,SERVICIOS DE CAFETERIA,391.5900,Unidad de servicio,391.5900,2025-11-20 22:16:13.020,0.000000
1.0000,SERVICIOS DE CAFETERIA,232.7600,Unidad de servicio,232.7600,2025-11-20 22:16:13.020,0.000000
1.0000,Desayuno Buffet ,331.9000,Pieza,331.9000,2025-11-20 22:15:09.253,33.000000
1.0000,CAFE ANDATTI SOLUBLE DESCAFEINADO 50G,56.9000,EA,56.9000,2025-11-20 22:15:09.253,0.000000
37.0070,Mobil Synergy Extra (CN) ID:32011 (Precio x ud. $ 23.57),754.8480,LITROS,20.3980,2025-11-20 22:15:09.253,0.000000
1.0000,SERVICIO DE VIAJE - BOLETO: 60667850 - Culiacan a Tepic - RAFAEL  PACHECO,1010.3400,SERVICIO,1010.3400,2025-11-20 22:11:12.400,0.000000
1.0000,Ticket 1 - Caseta: GUADALUPE Carril: 7 Fecha: 20/11/2025 Hora:  06:32:45 p. m,84.0000,Cuota de Peaje,84.0000,2025-11-20 22:10:11.883,0.000000
1.0000,Ticket 1 - Caseta: GUADALUPE Carril: 5 Fecha: 20/11/2025 Hora:  03:24:43 p. m,84.0000,Cuota de Peaje,84.0000,2025-11-20 22:10:11.883,0.000000
1.0000,Tarifa,24.1400,Unidad de servicio,24.1400,2025-11-20 22:05:08.190,0.000000
1.0000,SERVICIOS DE BUSES CON HORARIOS PROGRAMADOS-SERVICIOS DE VIAJE ADO MEXICO TAPO MXD-TEHUACAN FOL. 010163953336 ASIENTO. 25 13/11/,380.1700,UNIDAD DE SERVICIO,380.1700,2025-11-20 22:04:08.473,0.000000
2.0000,LLANTA NUEVA 185/65/14,2600.0000,PZA,1300.0000,2025-11-20 22:03:11.717,0.000000
25.0000,CABLE THWN/THHN 8 RO (VIAK)500M (LM,648.1500,MT LINEAL,25.9300,2025-11-20 22:00:07.747,81.000000
25.0000,CABLE THWN/THHN 8 NE (VIAK)500M (LM,648.1500,MT LINEAL,25.9300,2025-11-20 22:00:07.747,81.000000
25.0000,CABLE THWN/THHN 8 BL (VIAK)500M (LM,648.1500,MT LINEAL,25.9300,2025-11-20 22:00:07.747,81.000000
17.0000,CABLE THWN/THHN 10 NE (VIAK)1000M (,283.3300,MT LINEAL,16.6700,2025-11-20 22:00:07.747,81.000000
17.0000,CABLE THWN/THHN 10 RO (VIAK)1000M (,283.3300,MT LINEAL,16.6700,2025-11-20 22:00:07.747,81.000000
20.0000,CABLE THWN/THHN 10 VE (VIAK)1000M (,333.3300,MT LINEAL,16.6700,2025-11-20 22:00:07.747,81.000000
1.0000,CONDUIT ONDATITE DE 19 MM ( 3 / 4 ),847.2200,PIEZA,847.2200,2025-11-20 22:00:07.747,81.000000
2.0000,CINTA ELECTRICA ECONOMICA 320C 19X1,29.6300,PIEZA,14.8200,2025-11-20 22:00:07.747,81.000000
5.0000,"CONECTOR LIQUIDTIGHT RECTO 3/4""",175.9300,PIEZA,35.1900,2025-11-20 22:00:07.747,81.000000
2.0000,"CAJA OVAL ROSCADA OLL 3/4""",112.9600,PIEZA,56.4800,2025-11-20 22:00:07.747,81.000000
1.0000,"CAJA OVAL ROSCADA OLB 3/4""",56.4800,PIEZA,56.4800,2025-11-20 22:00:07.747,81.000000
5.0000,COPLE CONDUIT 3/4 P GRUESA,78.7000,PIEZA,15.7400,2025-11-20 22:00:07.747,81.000000
6.0000,"COPLE PARED DELGADA 3/4""",88.8900,PIEZA,14.8200,2025-11-20 22:00:07.747,81.000000
1.0000,MANGUERA FLEXIBLE MACHO-MACHO 3/4,52.7800,PIEZA,52.7800,2025-11-20 22:00:07.747,81.000000
16.0000,"UÑA CONDUIT PARED DELGADA 1""",59.2600,PIEZA,3.7000,2025-11-20 22:00:07.747,81.000000
3.0000,CODO CONDUIT 3/4 PARED DELGADA,130.5600,PIEZA,43.5200,2025-11-20 22:00:07.747,81.000000
2.0000,TAQUETE PLASTICO C/ PIJA Y BROCA 1/,231.4800,PIEZA,115.7400,2025-11-20 22:00:07.747,81.000000
7.0000,TUBO CONDUIT 3/4 S/COPLE P DELGADA,810.1900,PIEZA,115.7400,2025-11-20 22:00:07.747,81.000000
1.0000,Tarifa,86.3800,Unidad de servicio,86.3800,2025-11-20 21:58:09.627,0.000000
1.0000,Tarifa,76.0400,Unidad de servicio,76.0400,2025-11-20 21:58:09.627,0.000000
1.0000,Tarifa,126.0400,Unidad de servicio,126.0400,2025-11-20 21:58:09.627,0.000000
1.0000,Tarifa,55.8800,Unidad de servicio,55.8800,2025-11-20 21:58:09.627,0.000000
1.0000,BASE 5X100 INTEGRAL AEREA RILEZ ,502.7400,Pieza,502.7400,2025-11-20 21:57:11.650,0.000000
1.0000,INT. TERMO Q240 2P 40A SIEMENS MX:Q240 ,252.5600,Pieza,252.5600,2025-11-20 21:57:11.650,0.000000
1.0000,"BASES PARA MASTIL 19MM (3/4"") BSD 34 ",27.0200,Pieza,27.0190,2025-11-20 21:57:11.650,0.000000
1.0000,UNICANAL 4X2 PERFORADO 3MTS CAL.16 UNF-42-16-P ,255.7700,Pieza,255.7720,2025-11-20 21:57:11.650,0.000000
1.0000,TUBO GALV ROSCA 3/4 PLG 3MTS C/COPLE 00052 ,173.4200,Pieza,173.4200,2025-11-20 21:57:11.650,0.000000
1.0000,"MUFA ROSCA 19.0 - 3/4"" FE 122 ",27.2100,Pieza,27.2100,2025-11-20 21:57:11.650,0.000000
20.0000,"RONDANA PLANA 3/8"" (9.5MM) GALVANIZADA ROLDANA 9.5MM ",12.0000,Pieza,0.6000,2025-11-20 21:57:11.650,0.000000
20.0000,"RONDANA PLANA 1/4"" (6.4MM)GALVANIZADA ROLDANA 6.4MM ",8.6000,Pieza,0.4300,2025-11-20 21:57:11.650,0.000000
20.0000,"RONDANA PLANA GALVANIZADA 1/2""  ANCLO RPL12 ",22.4000,Pieza,1.1200,2025-11-20 21:57:11.650,0.000000
10.0000,"ABRAZADERA UNICANAL DE 3/4"" CED. 30 AE 34 ",70.9000,Pieza,7.0900,2025-11-20 21:57:11.650,0.000000
20.0000,CONECTOR TW 3/4 ACERO ANCLO CCA 34 ,130.4800,Pieza,6.5240,2025-11-20 21:57:11.650,0.000000
1.0000,"PINZAS ELECT C/POCHADORA C/JALAGUIA 9"" KT215-9 ",638.1700,Pieza,638.1700,2025-11-20 21:57:11.650,0.000000
1.0000,KIT NAVAJAS 2 PZAS MILWAUKEE ,771.8700,Pieza,771.8700,2025-11-20 21:57:11.650,0.000000
1.0000,KIT DE PINZAS DE 3 PZAS 48226331 ,1425.0000,KIT PAQUETE,1425.0000,2025-11-20 21:57:11.650,0.000000
1.0000,CONSUMO DE ALIMENTOS,1465.5170,ACTIVIDAD,1465.5170,2025-11-20 21:50:09.333,0.000000
1.0000,SANDWICHES Y PANECILLOS CON RELLENO-HAMBURGUESA HAWAINA,51.7200,PZA,51.7200,2025-11-20 21:49:11.910,0.000000
1.0000,ENCENDEDOR J25 MINI BIC,18.9660,EA,18.9660,2025-11-20 21:46:04.290,0.000000
1.0000,REFRESCO COCACOLA NO RETORNABLE 450 ML BOTELLAREGULAR,14.6550,EA,14.6550,2025-11-20 21:46:04.290,0.000000
1.0000,MARLBORO ICE XPRESS 14S,57.7590,EA,57.7590,2025-11-20 21:46:04.290,0.000000
1.0000,MILKA CHOCOLATE CON CARAMELO 37G,27.3150,EA,27.3150,2025-11-20 21:46:04.290,0.000000
1.0000,COMIDAS Y BEBIDAS,438.7900,Unidad de servicio,438.7900,2025-11-20 21:45:11.267,0.000000
1.0000,SERVICIOS DE BUSES CON HORARIOS PROGRAMADOS-SERVICIOS DE VIAJE ADO. TUXTLA GUTIERREZ-PUEBLA CAPU FOL. 030154805080 ASIENTO. 28 1,715.5200,UNIDAD DE SERVICIO,715.5200,2025-11-20 21:45:11.267,0.000000
1.0000,CONSUMO DE ALIMENTOS,90.5170,SERVICIO,90.5170,2025-11-20 21:44:10.773,0.000000
1.0000,CONSUMO DE ALIMENTOS,714.2860,SERVICIO,714.2860,2025-11-20 21:44:10.773,0.000000
1.0000,CONSUMO DE ALIMENTOS,171.5520,SERVICIO,171.5520,2025-11-20 21:42:10.190,0.000000
1.0000,CONSUMO DE ALIMENTOS,117.6470,SERVICIO,117.6470,2025-11-20 21:42:10.190,0.000000
1.0000,CONSUMO DE ALIMENTOS,714.2860,SERVICIO,714.2860,2025-11-20 21:41:13.427,0.000000
1.0000,RENTA HABITACION,1019.9000,NA,1019.9000,2025-11-20 21:41:13.427,0.000000
1.0000,CONSUMO EN GENERAL,131.9000,Unidad,131.9000,2025-11-20 21:41:13.427,0.000000
1.0000,Servicio de taxi.,405.0600,Unidad de servicio,405.0600,2025-11-20 21:38:12.703,0.000000
1.0000,COMISION RECARGA IDMX,8.6210,NO APLICA,8.6210,2025-11-20 21:37:06.693,0.000000
1.0000,RECARGA IDMX,422.4140,NO APLICA,422.4140,2025-11-20 21:37:06.693,0.000000
1.0000,ESTABLECIMIENTOS DE COMIDA RÁPIDA AL 16%,381.0300,Servicio,381.0300,2025-11-20 21:36:03.740,0.000000
1.0000,CONSUMO CAFETERÍA ORDEN # 99683,155.1800,Unidad de servicio,155.1810,2025-11-20 21:36:03.740,0.000000
11.0000,JUMEX MANZ,88.0000,PIEZAS,8.0000,2025-11-20 21:36:03.740,46.000000
1.0000,CUCH CH GV60,17.2410,PIEZAS,17.2410,2025-11-20 21:36:03.740,46.000000
3.0000,OREO DISP,111.0000,PIEZAS,37.0000,2025-11-20 21:36:03.740,46.000000
1.0000,REYNOLDS,58.6210,PIEZAS,58.6210,2025-11-20 21:36:03.740,46.000000
1.0000,GAM ARCOIRIS,37.0000,PIEZAS,37.0000,2025-11-20 21:36:03.740,46.000000
3.0000,CHOKIS 228G,117.0000,PIEZAS,39.0000,2025-11-20 21:36:03.740,46.000000
4.0000,ART 8 PACK,144.0000,PIEZAS,36.0000,2025-11-20 21:36:03.740,46.000000
24.0000,JUMEX DZNO,192.0000,PIEZAS,8.0000,2025-11-20 21:36:03.740,46.000000
1.0000,CONSUMO DE ALIMENTOS Y BEBIDAS,193.9700,NULL,193.9700,2025-11-20 21:33:10.480,0.000000
1.0000,Consumo de alimentos,355.1700,Unidad de servicio,355.1700,2025-11-20 21:33:10.480,0.000000
2.0000,TACO CHICH SALSAVDE 1PZ,34.4830,EA,17.2410,2025-11-20 21:33:10.480,0.000000
1.0000,TACO AL PASTOR PZ,17.2410,EA,17.2410,2025-11-20 21:33:10.480,0.000000
1.0000,TACO DE CARNE ASADA,7.3280,EA,7.3280,2025-11-20 21:33:10.480,0.000000
1.0000,REFRESCO COCACOLA 600 ML BOTELLA NO RETORNABLE COLA,18.5340,EA,18.5340,2025-11-20 21:33:10.480,0.000000
1.0000,POWERADE FRUTAS 600ML,25.8620,EA,25.8620,2025-11-20 21:33:10.480,0.000000
1.0000,EMPANADAS JULITAS CAJETA 80GR,17.5930,EA,17.5930,2025-11-20 21:33:10.480,0.000000
1.0000,TRNT EVUP 18S CANELA 30.6G,26.2930,EA,26.2930,2025-11-20 21:33:10.480,0.000000
1.0000,AGUA NATURAL SKARCH 1LT,11.0000,EA,11.0000,2025-11-20 21:33:10.480,0.000000
1.0000,GOMITAS ROMPOPE,18.9810,KGM,18.9810,2025-11-20 21:33:10.480,0.000000
1.0000,GALLETA DE AVENA CON CHISPAS DE CHOCOLATE Y QUINOA,26.8520,EA,26.8520,2025-11-20 21:33:10.480,0.000000
1.0000,YOGURT YOPLAIT 242GR FRESA,16.5000,EA,16.5000,2025-11-20 21:33:10.480,0.000000
1.0000,CARLOS V CHOCOLATE 18G,16.2040,EA,16.2040,2025-11-20 21:33:10.480,0.000000
1.0000,AGUA GASIFICADA FREE LIFE WATER 355 ML SABOR CEREZA,19.8280,EA,19.8280,2025-11-20 21:33:10.480,0.000000
1.0000,RECARGA IDMX,862.0690,NO APLICA,862.0690,2025-11-20 21:33:10.480,0.000000
50.0200,Magna,1036.6700,LITROS,20.7250,2025-11-20 21:33:10.480,0.000000
26.0000,Mobil Synergy Extra (CN) ID:32011 (Precio x ud. $ 23.57),530.3370,LITROS,20.3980,2025-11-20 21:33:10.480,0.000000
1.0000,"Juego de 7 llaves allen std tipo navaja, cuerpo de lámina",66.3800,Set,66.3800,2025-11-20 21:16:10.910,0.000000
1.0000,AGUA PURIFICADA CIEL 5 LT BOTE,37.0000,EA,37.0000,2025-11-20 21:12:08.900,0.000000
5.0000,AGUA PURIFICADA CIEL 20 LT BOTE,325.0000,EA,65.0000,2025-11-20 21:12:08.900,0.000000
1.0000,AGUA MINERAL TOPO CHICO 600 ML BOTELLA NO RETORNABLE,20.8330,EA,20.8330,2025-11-20 21:12:08.900,0.000000
1.0000,SUEROX FRESAKIWI 630ML,25.0000,EA,25.0000,2025-11-20 21:12:08.900,0.000000
1.0000,SUEROX UVA 630ML,25.0000,EA,25.0000,2025-11-20 21:12:08.900,0.000000
2.0000,SUEROX MORA AZUL CON HIERBABUENA 630ML,50.0000,EA,25.0000,2025-11-20 21:12:08.900,0.000000
1.0000,SUEROX LIMA LIMON 630ML,25.0000,EA,25.0000,2025-11-20 21:12:08.900,0.000000
1.0000,SUEROX ADULTO SABOR FRESA 630ML12,25.0000,EA,25.0000,2025-11-20 21:12:08.900,0.000000
1.0000,SUEROX ADULTO UVA MORA AZUL 630 ML,25.0000,EA,25.0000,2025-11-20 21:12:08.900,0.000000
1.0000,HIELO POTABLE EN CILINDROS CRISTAPURO 3.6 KG BOLSA,32.5000,EA,32.5000,2025-11-20 21:12:08.900,0.000000
1.0000,"CUCHILLAS DE REPUESTO PARA NV-7 Y NM-7, 5 PIEZAS (16953)",24.1400,PZA,24.1400,2025-11-20 21:08:12.590,0.000000
4.0000,ESPATULA MULTIUSOS MARCA TRUPER (14458),286.2100,PZA,71.5530,2025-11-20 21:08:12.590,0.000000
1.0000,MAZO DE HULE 8 ONZAS PRETUL (20565),70.6900,PZA,70.6900,2025-11-20 21:08:12.590,0.000000
2.0000,NUDO GALVANIZADO 1/2 (44087),50.0000,PZA,25.0000,2025-11-20 21:08:12.590,0.000000
7.0000,AGUA BLUE BAY 1 LITRO,77.0000,NULL,11.0000,2025-11-20 21:07:10.827,0.000000
1.0000,AGUA NATURAL E PURA 10.1LT,54.5000,NULL,54.5000,2025-11-20 21:07:10.827,0.000000
1.0000,Consumo de alimentos y bebidas,259.4800,Servicio,259.4800,2025-11-20 21:04:10.533,0.000000
1.0000,Servicios de buses con horarios programados,465.5200,Unidad de servicio,465.5200,2025-11-20 20:50:12.937,0.000000
1.0000,TARIFA AEREA PNR: GHNM8X,272.4400,Unidad de servicio,272.4400,2025-11-20 20:49:06.877,0.000000
1.0000,TARIFA AEREA PNR: GHNM8X,343.9700,Unidad de servicio,343.9700,2025-11-20 20:49:06.877,0.000000
1.0000,TARIFA AEREA PNR: XEYYUZ,1083.9400,Unidad de servicio,1083.9400,2025-11-20 20:49:06.877,0.000000
1.0000,SERVICIOS ADICIONALES PNR: XEYYUZ,434.6500,Unidad de servicio,434.6500,2025-11-20 20:49:06.877,0.000000
1.0000,CARGOS AEROPORTUARIOS,1508.9900,Unidad de servicio,1508.9900,2025-11-20 20:49:06.877,0.000000
1.0000,RESTAURANTES AL 16%,258.6200,Servicio,258.6200,2025-11-20 20:39:10.237,0.000000
1.0000,CONSUMO DE ALIMENTOS,46.5500,NULL,46.5500,2025-11-20 20:36:03.750,0.000000
1.0000,Servicio postales de paqueteo y courrier,258.6200,UNIDAD DE SERVICIO,258.6200,2025-11-20 20:36:03.750,0.000000
1.0000,CONSUMO DE ALIMENTOS,198.2750,No Aplica,198.2750,2025-11-20 20:34:12.103,0.000000
1.0000,CONSUMO DE ALIMENTOS,99.1400,NULL,99.1400,2025-11-20 20:33:07.410,0.000000
1.0000,CHOKIS GAMESA 76G,21.2960,EA,21.2960,2025-11-20 20:31:10.260,0.000000
1.0000,CHEETOS TORCIDITOS 58GR,21.7590,EA,21.7590,2025-11-20 20:31:10.260,0.000000
1.0000,ACEITE NUTRIOLI 400 ML,26.0000,EA,26.0000,2025-11-20 20:31:10.260,0.000000
2.0000,FUZE TEA VERDE SABOR LIMON 600ML,40.0000,EA,20.0000,2025-11-20 20:31:10.260,0.000000
1.0000,DULCIGOMAS 63G BOLSA CTR RIC,24.5370,EA,24.5370,2025-11-20 20:31:10.260,0.000000
1.0000,BOL BAS COSTALITOS JUMBO 75X90,38.7900,PIEZA,38.7900,2025-11-20 20:30:13.527,0.000000
1.0000,CERRADURA D/PERILLA DEXTER SAT,271.5500,Pieza,271.5500,2025-11-20 20:30:13.527,0.000000
1.0000,RESTAURANTE,192.2400,SERVICIO,192.2400,2025-11-20 20:26:12.630,0.000000
1.0000,RESTAURANTE,192.2400,SERVICIO,192.2400,2025-11-20 20:26:12.630,0.000000
1.0000,CONSUMO DE ALIMENTOS 17/11/25,210.3400,Unidad de servicio,210.3400,2025-11-20 20:26:12.630,0.000000
1.0000,CONSUMO SEGÚN FOLIO 334 DE FECHA 16/11/2025,145.6900,NULL,145.6900,2025-11-20 20:26:12.630,0.000000
1.0000,CONSUMO SEGÚN FOLIO 588 DE FECHA 20/11/2025,145.6900,NULL,145.6900,2025-11-20 20:26:12.630,0.000000
1.0000,RESTAURANTE,168.1030,Unidad De Servicio,168.1030,2025-11-20 20:26:12.630,0.000000
1.0000,ROOM SERVICE,164.8900,SERVICIO,164.8900,2025-11-20 20:26:12.630,0.000000
1.0000,LAVANDERIA,224.1000,SERVICIO,224.1000,2025-11-20 20:26:12.630,0.000000
1.0000,CONSUMO DE ALIMENTOS DEL DIA 19 DE NOVIEMBRE DE 2025,234.4800,SERVICIO,234.4800,2025-11-20 20:26:12.630,0.000000
1.0000,CONSUMO DE ALIMENTOS DEL DIA 14 DE NOVIEMBRE DE 2025,263.7900,SERVICIO,263.7900,2025-11-20 20:26:12.630,0.000000
1.0000,RESTAURANTE,192.2400,SERVICIO,192.2400,2025-11-20 20:26:12.630,0.000000
1.0000,RESTAURANTE,192.2400,SERVICIO,192.2400,2025-11-20 20:26:12.630,0.000000
1.0000,CONSUMO DE ALIMENTO NOTA DE VENTA #1200,237.9300,Servicio,237.9300,2025-11-20 20:26:12.630,0.000000
1.0000,ELECTROLIT,25.0000,PIEZAS,25.0000,2025-11-20 20:22:10.973,4.000000
6.0000,BONAFONT6P,282.0000,PIEZAS,47.0000,2025-11-20 20:22:10.973,4.000000
1.0000,"Habitación 308, CHECK IN 19/11/25 CHECK OUT 20/11/25",666.6600,Unidad de servicio,666.6600,2025-11-20 20:18:09.657,0.000000
5.0000,IMPRESION CARTA COLOR PAPEL NORMAL,49.6000,PIEZA,9.9200,2025-11-20 20:18:09.657,0.000000
14.0000,IMPRESIÓN CARTA B/N DE 11 A 100,11.3400,PIEZA,0.8100,2025-11-20 20:18:09.657,0.000000
2.0000,DESCARBONIZACION,760.0000,Unidad de servicio,380.0000,2025-11-20 20:18:09.657,0.000000
1.0000,REVISAR 25 PUNTOS DE SEGURIDAD,380.0000,UNIDAD DE SERVICIO,380.0000,2025-11-20 20:18:09.657,0.000000
1.0000,REEMPLAZO DEL ENSAMBLE DEL DEPURADOR DE AIRE,380.0000,Unidad de servicio,380.0000,2025-11-20 20:18:09.657,0.000000
1.0000,INSPEC/MANTENIMIENTO I/M - DIAG EMISIONES EXCESIVAS I/M - PRUEBA EMISIONES,380.0000,Unidad de servicio,380.0000,2025-11-20 20:18:09.657,0.000000
2.5000,REEMPLAZO DEL FILTRO DE ACEITE,950.0000,Unidad de servicio,380.0000,2025-11-20 20:18:09.657,0.000000
1.0000,ROTACION DE RUEDAS,380.0000,Unidad de servicio,380.0000,2025-11-20 20:18:09.657,0.000000
1.0000,LIMPIEZA Y AJUSTE DE FRENOS,380.0000,Unidad de servicio,380.0000,2025-11-20 20:18:09.657,0.000000
1.0000,MANEJO DE RESIDUOS PELIGROSOS,292.2500,Unidad de servicio,292.2500,2025-11-20 20:18:09.657,0.000000
1.0000,SEGURO,350.0000,Unidad de servicio,350.0000,2025-11-20 20:18:09.657,0.000000
1.0000,FILTRO DE ACEITE,120.7900,PIEZA,120.7900,2025-11-20 20:18:09.657,0.000000
1.0000,ACEITE SINTETICO DEXOS GEN 3 5W30 3.78,794.1300,PIEZA,794.1300,2025-11-20 20:18:09.657,0.000000
1.0000,LIMPIADOR-PARABRISAS SHAMPOO ACD100ML,66.1100,PIEZA,66.1100,2025-11-20 20:18:09.657,0.000000
1.0000,LIMPIADOR DE INYECTORES,215.0000,PIEZA,215.0000,2025-11-20 20:18:09.657,0.000000
1.0000,OB2734082229 CAMARGO,89.0000,NULL,89.0000,2025-11-20 20:17:03.633,0.000000
1.0000,PQT. DE ALIMENTOS (CONSUMO: 2025-11-12) FOLIO(0843101972531636),236.2100,Paquete,236.2100,2025-11-20 20:16:11.487,0.000000
1.0000,Consumo del ticket 54299728181333 con fecha de expedición 15/11/2025.,376.7200,EA,376.7200,2025-11-20 20:16:11.487,0.000000
1.0000,"CONSUMO DEL DÍA 20/11/2025, según Número de Folio 1195102712532471",300.0000,Unidad de servicio,300.0000,2025-11-20 20:15:07.300,0.000000
1.0000,CONSUMO SEGÚN FOLIO 803 DE FECHA 14/11/2025,403.4500,NULL,403.4500,2025-11-20 20:15:07.300,0.000000
1.0000,CONSUMO DE ALIMENTOS Y BEBIDAS,778.4480,NULL,778.4480,2025-11-20 20:15:07.300,0.000000
1.0000,PC3614324757 JIMENEZ,120.0000,NULL,120.0000,2025-11-20 20:07:07.503,0.000000
1.0000,ND3331905756 SAUCILLO,89.0000,NULL,89.0000,2025-11-20 20:07:07.503,0.000000
1.0000,SC3112891120 SAVALZA,95.0000,NULL,95.0000,2025-11-20 20:07:07.503,0.000000
1.0000,HOSPEDAJE  ENTRADA: 19/11/2025 SALIDA: 20/11/2025,881.5100,SERVICIO,881.5100,2025-11-20 20:07:07.503,0.000000
1.0000,Tarifa,94.6000,Unidad de servicio,94.6000,2025-11-20 20:01:08.180,0.000000
1.0000,NUEZ DE LA INDIA/ CACAHUATE SALADO/ENCHILADO/GARAPIÑADO/MANGO KAREN 35-100 G,30.0300,Pieza,30.0300,2025-11-20 20:00:10.210,0.000000
1.0000,NUEZ DE LA INDIA/ CACAHUATE SALADO/ENCHILADO/GARAPIÑADO/MANGO KAREN 35-100 G,30.0000,Pieza,30.0000,2025-11-20 20:00:10.210,0.000000
1.0000,NUEZ DE LA INDIA/ CACAHUATE SALADO/ENCHILADO/GARAPIÑADO/MANGO KAREN 35-100 G,30.0000,Pieza,30.0000,2025-11-20 20:00:10.210,0.000000
1.0000,BOTANA SURTIDA KAREN  100G,42.9900,Pieza,42.9900,2025-11-20 20:00:10.210,0.000000
1.0000,BOTANA SURTIDA KAREN  100G,42.9900,Pieza,42.9900,2025-11-20 20:00:10.210,0.000000
1.0000,NUEZ PECANA KAREN 40 G,30.0000,Pieza,30.0000,2025-11-20 20:00:10.210,0.000000
1.0000,NUEZ PECANA KAREN 40 G,30.0000,Pieza,30.0000,2025-11-20 20:00:10.210,0.000000
1.0000,NUEZ DE LA INDIA/ CACAHUATE SALADO/ENCHILADO/GARAPIÑADO/MANGO KAREN 35-100 G,30.0000,Pieza,30.0000,2025-11-20 20:00:10.210,0.000000
1.0000,AGUA BONAFONT 1 L,18.0000,Pieza,18.0000,2025-11-20 20:00:10.210,0.000000
1.0000,PEÑAFIEL TWIST LIMON SAL 600 ML,21.5500,Pieza,21.5520,2025-11-20 20:00:10.210,0.000000
3.0000,TOSTADA DE RES,95.6900,Pieza,31.8970,2025-11-20 20:00:10.210,0.000000
1.0000,QUESADILLA DE PIERNA,47.4100,Pieza,47.4140,2025-11-20 20:00:10.210,0.000000
76.1900,DIESEL,1729.1100,LITRO,22.6950,2025-11-20 19:58:11.593,0.000000
1.0000,PROT HOJA OD CTA TRNS MAT 200PZ,188.7900,PIEZA,188.7930,2025-11-20 19:57:11.747,21.000000
1.0000,JGO DE INDICES 5 DIVISIONES,25.0000,PIEZA,25.0000,2025-11-20 19:57:11.747,21.000000
1.0000,"CARPETA MATE 1"" BLANCA O",76.7200,PIEZA,76.7240,2025-11-20 19:57:11.747,21.000000
1.0000,MARC MAGISTRA C/4 COLORES,62.0700,PIEZA,62.0690,2025-11-20 19:57:11.747,21.000000
2.0000,PAPEL VISION BOND CARTA C/500,187.9300,PIEZA,93.9660,2025-11-20 19:57:11.747,21.000000
1.0000,BOLSA REUSABLE OD GRANDE RJ,21.5500,PIEZA,21.5520,2025-11-20 19:57:11.747,21.000000
1.0000,MEM USB ADATA 32GB UV250,102.5900,PIEZA,102.5900,2025-11-20 19:57:11.747,21.000000
1.0000,SERVICIO DE RESTAURANTE,374.1380,SERVICIO,374.1380,2025-11-20 19:53:10.283,0.000000
1.0000,4 PECHUGUITA,175.9300,ACTIVIDAD,175.9300,2025-11-20 19:51:03.120,0.000000
1.0000,ENS. VASO POLLO O SURIMI 8OZ,87.9600,ACTIVIDAD,87.9600,2025-11-20 19:51:03.120,0.000000
1.0000,Kit HiperLed,766.8850,Pieza,766.8850,2025-11-20 19:51:03.120,0.000000
66.1990,32011                MAGNA,1373.7000,LITRO,20.7510,2025-11-20 19:50:12.183,0.000000
1.0000,"Hospedaje paquete ""desayuno incluido"" 20/11/2025 - 21/11/2025",1554.6200,U,1554.6200,2025-11-20 19:49:10.393,0.000000
1.0000,H-99(LBN1)-470 ,3293.1000,Pieza,3293.1000,2025-11-20 19:49:10.393,557.000000
2.0000,ANTISULFATANTE (RONDANAS) ,17.2400,Pieza,8.6200,2025-11-20 19:49:10.393,557.000000
2.0000,MICRO FIBRA ,34.4800,Pieza,17.2400,2025-11-20 19:49:10.393,557.000000
1.0000,LTH AAA Paq. 4 Baterias ,47.4100,Pieza,47.4100,2025-11-20 19:49:10.393,557.000000
1.0000,LTH AA  Paq. 4 baterias ,47.4100,Pieza,47.4100,2025-11-20 19:49:10.393,557.000000
2.0000,1P FRESH SHAVE ,51.7200,Pieza,25.8600,2025-11-20 19:49:10.393,557.000000
1.0000,EXTRA CHICO GRUPO 1 Se recibierón los siguientes usados:G01 - EXTRA CHICO GRUPO 1,294.0000,Pieza,294.0000,2025-11-20 19:49:10.393,557.000000
1.0000,Alimentos Guacamayas,137.9400,NULL,137.9400,2025-11-20 19:47:09.600,0.000000
1.0000,Bebidas Guacamayas,189.6600,NULL,189.6600,2025-11-20 19:47:09.600,0.000000
1.0000,Hula Hawaiian,162.9300,Pieza,162.9300,2025-11-20 19:32:11.487,0.000000
1.0000,Refresco 600mL,21.5500,Pieza,21.5500,2025-11-20 19:32:11.487,0.000000
1.0000,Tarifa,43.0400,Unidad de servicio,43.0400,2025-11-20 19:32:11.487,0.000000
1.0000,MVPIZZA and STIX,114.1200,Pieza,114.1200,2025-11-20 19:32:11.487,0.000000
1.0000,Crazy Bread,30.1500,Pieza,30.1500,2025-11-20 19:32:11.487,0.000000
1.0000,Crazy Sauce,14.3500,Pieza,14.3500,2025-11-20 19:32:11.487,0.000000
2.0000,BREAKER 2P-40A PASTILLA TERMOMAGNE,1318.9700,PIEZA,659.4900,2025-11-20 19:27:11.407,116.000000
1.0000,Centro carga Square D 70A 2P NEMA1,757.7600,PIEZA,757.7600,2025-11-20 19:27:11.407,116.000000
1.0000,CABLE THW 10 AWG NEGRO CONDULAC,1706.0300,PIEZA,1706.0300,2025-11-20 19:27:11.407,116.000000
1.0000,CENTRO DE CARGA 2P 60A PLASTICO,473.2800,PIEZA,473.2800,2025-11-20 19:27:11.407,116.000000
1.0000,BASE EN GABINETE 100A 5-MORDAZAS 2F,1004.3100,PIEZA,1004.3100,2025-11-20 19:27:11.407,116.000000
4.0000,CODO CONDUIT 3/4 PARED DELGADA,175.8600,PIEZA,43.9700,2025-11-20 19:27:11.407,116.000000
4.0000,"CAJA OVAL ROSCADA OLB 3/4""",210.3400,PIEZA,52.5900,2025-11-20 19:27:11.407,116.000000
1.0000,VARILLA P/TIERRA 1MT,64.6600,PIEZA,64.6600,2025-11-20 19:27:11.407,116.000000
40.0000,CABLE (LM) THW 8 RO (IND) 500M,1224.1400,MT LINEAL,30.6000,2025-11-20 19:27:11.407,116.000000
40.0000,CABLE (LM) THW 8 VE (IND) 500M,1224.1400,MT LINEAL,30.6000,2025-11-20 19:27:11.407,116.000000
40.0000,CABLE (LM) THW 8 NE (IND) 500M,1224.1400,MT LINEAL,30.6000,2025-11-20 19:27:11.407,116.000000
5.0000,CABLE (LM) THW 8 BL (IND) 500M,153.0200,MT LINEAL,30.6000,2025-11-20 19:27:11.407,116.000000
20.0000,"UÑA CONDUIT PARED DELGADA 3/4""",51.7200,PIEZA,2.5900,2025-11-20 19:27:11.407,116.000000
10.0000,CONECTOR CONDUIT 3/4 PARED DELGADA,172.4100,PIEZA,17.2400,2025-11-20 19:27:11.407,116.000000
10.0000,"COPLE PARED DELGADA 3/4""",146.5500,PIEZA,14.6600,2025-11-20 19:27:11.407,116.000000
10.0000,TUBO CONDUIT 3/4 S/COPLE P DELGADA,1163.7900,PIEZA,116.3800,2025-11-20 19:27:11.407,116.000000
1.0000,CONSUMO CAFETERIA,65.3600,Actividad,65.3600,2025-11-20 19:21:17.980,0.000000
1.0000,CONSUMO,172.4100,1,172.4140,2025-11-20 19:21:17.980,0.000000
1.0000,Autovía del Mayab NRU 2028810006610560462201400A5B4DDC (16/11/2025),204.3100,PEAJE,204.3100,2025-11-20 19:18:13.267,0.000000
1.0000,Autovía del Mayab NRU 0148220000975766E781D0942A7D7007 (19/11/2025),351.7240,PEAJE,351.7240,2025-11-20 19:18:13.267,0.000000
1.0000,Autovía del Mayab NRU 20292200045259013F6CBF7ABF171E90 (19/11/2025),204.3100,PEAJE,204.3100,2025-11-20 19:18:13.267,0.000000
1.0000,Consumo de alimentos (Ticket: 1/A-240792),168.1000,Servicio,168.1000,2025-11-20 19:18:13.267,0.000000
1.0000,Consumo de alimentos (Ticket: 1/A-240793),127.5900,Servicio,127.5900,2025-11-20 19:18:13.267,0.000000
1.0000,HOSPEDAJE,2429.4200,UNIDADDESERVICIO,2429.4200,2025-11-20 19:18:13.267,0.000000
1.0000,"CONSUMO DE ALIMENTOS Y BEBIDAS. Orden: 47, Fecha orden: 2025-11-19",696.5500,NULL,696.5500,2025-11-20 19:18:13.267,0.000000
1.0000,CONSUMO DE ALIMENTOS Y BEBIDAS,299.1400,NULL,299.1400,2025-11-20 19:18:13.267,0.000000
1.0000,CONSUMO DE ALIMENTOS Y BEBIDAS,256.9000,NULL,256.9000,2025-11-20 19:18:13.267,0.000000
1.0000,CONSUMO DE ALIMENTOS Y BEBIDAS,256.9000,NULL,256.9000,2025-11-20 19:18:13.267,0.000000
1.0000,CONSUMO DE ALIMENTOS,421.5520,SERVICIO,421.5520,2025-11-20 19:18:13.267,0.000000
1.0000,Habitación Doble del 16 de Noviembre del 2025,908.3390,Noche,908.3390,2025-11-20 19:18:13.267,0.000000
1.0000,Saneamiento Ambiental,50.9100,Noche,50.9100,2025-11-20 19:18:13.267,0.000000
1.0000,CONSUMO DE ALIMENTOS DEL DÍA 18/11/2025,468.1000,PZ,468.1000,2025-11-20 19:18:13.267,0.000000
1.0000,0102 REDUCCION NPTF ,49.3350,PZA,49.3350,2025-11-20 19:18:13.267,0.000000
35.9840, PREMIUM (LT),865.5200,Litro,24.0530,2025-11-20 19:11:10.810,0.000000
1.0000,Consumo del ticket 54271935134425 con fecha de expedición 13/11/2025.,373.2800,EA,373.2800,2025-11-20 19:11:10.810,0.000000
36.9890,PREMIUM,880.1200,NULL,23.7940,2025-11-20 19:11:10.810,0.000000
1.0000,Clásica de Pepperoni,85.3400,Pieza,85.3400,2025-11-20 19:04:10.100,0.000000
1.0000,Pizza de Queso,76.7300,Pieza,76.7300,2025-11-20 19:04:10.100,0.000000
2.0000,"CINTA TEFLON P/GAS AMARILLA 1/2"" X",25.0000,PIEZA,12.5000,2025-11-20 19:04:10.100,0.000000
1.0000,74144 JUEGO DE HERRAMIEN,257.7600,NULL,257.7600,2025-11-20 19:04:10.100,0.000000
1.0000,Consumo del ticket 54272497123838 con fecha de expedición 13/11/2025.,188.3600,EA,188.3600,2025-11-20 19:04:10.100,0.000000
1.0000,-10 CONECTORES RJ45 CAT5E P/CABLE REDONDO ,50.8600,PIEZA,50.8600,2025-11-20 19:04:10.100,0.000000
2.0000,CIEL 0 AZUCAR LIMON 1L,37.9310,EA,18.9660,2025-11-20 19:04:10.100,0.000000
1.0000,BASICO CH,142.2400,PZA,142.2400,2025-11-20 19:04:10.100,0.000000
1.0000,HOSPEDAJE,2780.0000,E48,2780.0000,2025-11-20 18:52:12.597,0.000000
1.0000,HOSPEDAJE,2780.0000,E48,2780.0000,2025-11-20 18:52:12.597,0.000000
1.0000,"Consumo de alimentos, ticket #210016",217.2400,Unidad de servicio,217.2400,2025-11-20 18:41:10.307,0.000000
1.0000,"Consumo de alimentos, ticket #113135",680.1700,Unidad de servicio,680.1700,2025-11-20 18:41:10.307,0.000000
1.0000,CONSUMO DE ALIMENTOS,282.7600,No Aplica,282.7600,2025-11-20 18:40:09.887,0.000000
1.0000,PQT. DE ALIMENTOS (CONSUMO: 2025-11-20) FOLIO(0682100362532475),343.1000,Paquete,343.1000,2025-11-20 18:35:06.883,0.000000
1.0000,PQT. DE ALIMENTOS (CONSUMO: 2025-11-20) FOLIO(0682100372532483),128.4500,Paquete,128.4500,2025-11-20 18:34:10.483,0.000000
1.0000,RESTAURANTE,262.9300,SERVICIO,262.9300,2025-11-20 18:32:08.383,0.000000
1.0000,RENTA DE HABITACION,1179.9200,SERVICIO,1179.9200,2025-11-20 18:32:08.383,0.000000
1.0000,SERVICIO DE TRASLADO ,344.8280,SERVICIO,344.8280,2025-11-20 18:32:08.383,0.000000
1.0000,CONSUMO,148.2760,NULL,148.2760,2025-11-20 18:32:08.383,0.000000
1.0000,CONSUMO,187.0690,NULL,187.0690,2025-11-20 18:32:08.383,0.000000
1.0000,Consumo de alimentos,137.9310,Unidad,137.9310,2025-11-20 18:32:08.383,0.000000
1.0000,Consumo de alimentos,185.3450,Unidad,185.3450,2025-11-20 18:32:08.383,0.000000
1.0000,COCA COLA ORIG SLEEK CAN 355,24.5690,NULL,24.5690,2025-11-20 18:32:08.383,0.000000
1.0000,KARATE JAPO MEDIAN 90 G,37.0000,NULL,37.0000,2025-11-20 18:32:08.383,0.000000
2.0000,VARILLA P/TIERRA 1MT,100.1600,PIEZA,50.0800,2025-11-20 18:29:11.190,0.000000
1.0000,TAQUETE PLASTICO BOLSA C/ 100 5/16,80.2200,PIEZA,80.2200,2025-11-20 18:29:11.190,0.000000
1.0000,TERMINAL OJO AMARILLA 5/16 (TOAM 5/,94.1800,PIEZA,94.1800,2025-11-20 18:29:11.190,0.000000
1.0000,CONECTOR BIPARTIDO CAL. 8 A 4 (KS,187.5400,PIEZA,187.5400,2025-11-20 18:29:11.190,0.000000
1.0000,CONECTOR BIPARTIDO CAL. 2 A 2/0 (KS,425.0400,PIEZA,425.0400,2025-11-20 18:29:11.190,0.000000
3.0000,CONECTOR PARA AVRILLA COBRE,19.6600,PIEZA,6.5500,2025-11-20 18:29:11.190,0.000000
1.0000,BREAKER 2P-20A PASTILLA TERMOMAGNE,560.7400,PIEZA,560.7400,2025-11-20 18:28:12.447,60.000000
1.0000,CONDUCON LB P. DELGADA 34,44.3200,PIEZA,44.3200,2025-11-20 18:28:12.447,60.000000
2.0000,TUBO CONDUIT 3/4 S/COPLE P DELGADA,211.1000,PIEZA,105.5500,2025-11-20 18:28:12.447,60.000000
4.0000,"OMEGA CONDUIT PARED DELGADA 3/4""",10.9700,PIEZA,2.7400,2025-11-20 18:28:12.447,60.000000
5.0000,"UÑA CONDUIT PARED DELGADA 3/4""",12.2800,PIEZA,2.4600,2025-11-20 18:28:12.447,60.000000
5.0000,"CLIP PARA CONDUIT 3/4""",31.2900,PIEZA,6.2600,2025-11-20 18:28:12.447,60.000000
10.0000,"COPLE PARED DELGADA 3/4""",124.2200,PIEZA,12.4200,2025-11-20 18:28:12.447,60.000000
2.0000,"CONECTOR FLEXIBLE CURVO 3/4""",51.7800,PIEZA,25.8900,2025-11-20 18:28:12.447,60.000000
6.0000,"CONECTOR LIQUIDTIGHT RECTO 3/4""",171.7800,PIEZA,28.6300,2025-11-20 18:28:12.447,60.000000
1.0000,GUANTES DE CORTE HUSKY,145.6900,PIEZA,145.6900,2025-11-20 18:28:12.447,60.000000
5.0000,COPLE CONDUIT 3/4 P GRUESA,72.9300,PIEZA,14.5900,2025-11-20 18:28:12.447,60.000000
1.0000,"COPLE P/TUBO 1 1/4"" Y BASE 1 2 FASE",93.9700,PIEZA,93.9700,2025-11-20 18:28:12.447,60.000000
1.0000,"CONECTOR USO RUDO 1/2""",6.2800,PIEZA,6.2800,2025-11-20 18:28:12.447,60.000000
10.0000,CONECTOR CONDUIT 3/4 PARED DELGADA,138.7900,PIEZA,13.8800,2025-11-20 18:28:12.447,60.000000
1.0000,CAJA RECTANGULAR RR-0471 2 3/4,92.6600,PIEZA,92.6600,2025-11-20 18:28:12.447,60.000000
2.0000,"REDUCCIONES TIPO RE 1 1/4""-3/4""",85.2900,PIEZA,42.6500,2025-11-20 18:28:12.447,60.000000
1.0000,CONDUCON LR P. DELGADA 34,39.9600,PIEZA,39.9600,2025-11-20 18:28:12.447,60.000000
1.0000,PLACA P/INTEMPERIE LE ART,91.9400,PIEZA,91.9400,2025-11-20 18:28:12.447,60.000000
1.0000,CONT DUP C TIERRA AISL NAR LE ART,261.2500,PIEZA,261.2500,2025-11-20 18:28:12.447,60.000000
1.0000,CENTRO DE CARGA SOBREPONER QOD3S,432.7800,PIEZA,432.7800,2025-11-20 18:28:12.447,60.000000
1.0000,BASE EN GABINETE 100A 5-MORDAZAS 2F,892.5400,PIEZA,892.5400,2025-11-20 18:28:12.447,60.000000
5.0000,CODO CONDUIT 3/4 PARED DELGADA,179.2700,PIEZA,35.8500,2025-11-20 18:28:12.447,60.000000
10.0000,CABLE (LM) THW 8 RO (IND) 500M,296.2100,MT LINEAL,29.6200,2025-11-20 18:28:12.447,60.000000
10.0000,CABLE (LM) THW 8 NE (IND) 500M,296.2100,MT LINEAL,29.6200,2025-11-20 18:28:12.447,60.000000
10.0000,CABLE (LM) THW 8 VE (IND) 500M,296.2100,MT LINEAL,29.6200,2025-11-20 18:28:12.447,60.000000
1.0000,CONSUMO DE ALIMENTOS,197.4140,NULL,197.4140,2025-11-20 18:25:12.643,0.000000
1.0000,ESTABLECIMIENTOS DE COMIDA RÁPIDA AL 16%,180.1700,Servicio,180.1700,2025-11-20 18:24:11.303,0.000000
1.0000,RENTA HABITACION,6183.1300,SERVICIO,6183.1300,2025-11-20 18:24:11.303,0.000000
1.0000,Boleto de estacionamiento hasta 1 hora,77.5900,Unidad de servicio,77.5900,2025-11-20 18:24:11.303,0.000000
1.0000,MEMORIA USB DUAL TIPO C Y A DE 64 G,159.4800,PIEZA,159.4800,2025-11-20 18:24:11.303,12.000000
2.0000,ACEITE 3 EN 1 90 ML. AL090,86.2100,PIEZA,43.1100,2025-11-20 18:24:11.303,12.000000
1.0000,CINTA AMARILLA LEYENDA PROHIBIDO EL,119.8300,PIEZA,119.8300,2025-11-20 18:24:11.303,12.000000
1.0000,CONSUMO DE ALIMENTOS Y BEBIDAS,1894.8280,NULL,1894.8280,2025-11-20 18:24:11.303,0.000000
1.0000,Boleto de estacionamiento hasta 1 hora,853.4500,Unidad de servicio,853.4500,2025-11-20 18:24:11.303,0.000000
1.0000,"CONSUMO DE ALIMENTOS Y BEBIDAS. Orden: 57, Fecha orden: 2025-11-15",1009.4800,NULL,1009.4800,2025-11-20 18:24:11.303,0.000000
1.0000,Consumo alimentos y bebidas ticket:62138 Fecha de Consumo 2025-11-16 00:00:00,205.1700,Unidad de Servicio,205.1700,2025-11-20 18:24:11.303,0.000000
1.0000,Alimentos y bebidas,594.8280,Unidad,594.8280,2025-11-20 18:24:11.303,0.000000
1.0000,consumo de alimento y bebidas,370.6900,Servicio,370.6900,2025-11-20 18:24:11.303,0.000000
1.0000,consumo de alimento y bebidas,379.3100,Servicio,379.3100,2025-11-20 18:24:11.303,0.000000
1.0000,consumo de alimento y bebidas,379.3100,Servicio,379.3100,2025-11-20 18:24:11.303,0.000000
1.0000,Servicio de transportación terrestre 130903251116382,800.0000,UNIDAD DE SERVICIO,800.0000,2025-11-20 18:24:11.303,0.000000
1.0000,Consumo del ticket 54242673133629 con fecha de expedición 10/11/2025.,675.8600,EA,675.8600,2025-11-20 18:24:11.303,0.000000
1.0000,CONSUMO DE ALIMENTOS Y BEBIDAS,218.9700,SERVICIO,218.9700,2025-11-20 18:24:11.303,0.000000
1.0000,CONSUMO DE ALIMENTOS Y BEBIDAS,1633.6200,SERVICIO,1633.6200,2025-11-20 18:24:11.303,0.000000
1.0000,PQT. DE ALIMENTOS (CONSUMO: 2025-11-11) FOLIO(0718101562531590),513.7900,Paquete,513.7900,2025-11-20 18:24:11.303,0.000000
1.0000,HT EXT 3M D,81.8970,PIEZAS,81.8970,2025-11-20 18:24:11.303,0.000000
2.0000,TAZON,43.1030,PIEZAS,21.5520,2025-11-20 18:24:11.303,0.000000
2.0000,CARAMELO R,114.0000,PIEZAS,57.0000,2025-11-20 18:24:11.303,0.000000
1.0000,CARAMELOS,58.0000,PIEZAS,58.0000,2025-11-20 18:24:11.303,0.000000
1.0000,Alimentos y bebidas,254.3100,Unidad,254.3100,2025-11-20 18:24:11.303,0.000000
1.0000,Alimentos y bebidas,393.1030,Unidad,393.1030,2025-11-20 18:24:11.303,0.000000
1.0000,Consumo de comida segun ticket # 1010776,341.3800,NULL,341.3800,2025-11-20 18:20:11.120,0.000000
2.0000,RAMEN NISSIN POLLO 85GR,24.0000,EA,12.0000,2025-11-20 18:17:11.600,0.000000
2.0000,RAMEN NISSIN CAMARON 85GR,24.0000,EA,12.0000,2025-11-20 18:17:11.600,0.000000
2.0000,GALLETAS SALADAS SALMAS 90GR,56.0000,EA,28.0000,2025-11-20 18:17:11.600,0.000000
3.0000,MARAVILLAS VAINILLA GAMESA 125GR,55.5000,EA,18.5000,2025-11-20 18:17:11.600,0.000000
1.0000,TOSTITOS SALSA VERDE 62GR,17.1300,EA,17.1300,2025-11-20 18:17:11.600,0.000000
1.0000,SALCHICHAS PARA ASAR CHIMEX 800 GR PAQUETE CARNE DE CERDO,82.9000,EA,82.9000,2025-11-20 18:17:11.600,0.000000
1.0000,ATUN DOLORES ACEITE 295GR LATA,40.0000,EA,40.0000,2025-11-20 18:17:11.600,0.000000
1.0000,PENAFIEL MINERAL COCO 600 ML NR,18.1030,EA,18.1030,2025-11-20 18:17:11.600,0.000000
3.0000,SOPA KNORR MICKEY 95GR,55.5000,EA,18.5000,2025-11-20 18:17:11.600,0.000000
1.0000,MARGARINA PRIMAVERA 90G SIN SAL,23.9000,EA,23.9000,2025-11-20 18:17:11.600,0.000000
1.0000,MARGARINA PRIMAVERA 90G CON SAL,27.5000,EA,27.5000,2025-11-20 18:17:11.600,0.000000
1.0000,COMISION RECARGA IDMX,8.6210,NO APLICA,8.6210,2025-11-20 18:17:11.600,0.000000
1.0000,RECARGA IDMX,853.4480,NO APLICA,853.4480,2025-11-20 18:17:11.600,0.000000
4.0000,CENTRO DE CARGA DE 8 MODULOS CON 100 AMPERES,2440.0000,Pieza,610.0000,2025-11-20 18:13:13.750,0.000000
2.0000,INTERRUPTOR TERMOMAGNETICO 2 POLOS ENCUFABLE,1260.0000,Pieza,630.0000,2025-11-20 18:13:13.750,0.000000
10.0000,ANCLO DE UÑA PARA TUBO DE COBRE 3/4 PULGADA,360.0000,Pieza,36.0000,2025-11-20 18:13:13.750,0.000000
10.0000,COPLE PARA PARED DELGADA 3/4,375.0000,Pieza,37.5000,2025-11-20 18:13:13.750,0.000000
17.0000,CABLE CALIBRE 8 NEGRO INDIANA,1212.1000,Metro,71.3000,2025-11-20 18:13:13.750,0.000000
17.0000,CABLE CALIBRE 8 BLANCO INDIANA,2040.0000,Metro,120.0000,2025-11-20 18:13:13.750,0.000000
17.0000,CABLE CALIBRE 8 VERDE INDIANA,391.0000,Metro,23.0000,2025-11-20 18:13:13.750,0.000000
2.0000,MESA PLEGABLE 2.44M,3498.2800,PIEZA,1749.1400,2025-11-20 18:06:10.810,0.000000
8.0000,SILLA PLEGABLE ES LIFETIME,4131.0300,PIEZA,516.3800,2025-11-20 18:06:10.810,0.000000
3.0000,SILLA PLEGABLE,1652.5900,PIEZA,550.8600,2025-11-20 18:05:09.333,0.000000
1.0000,MESA PLEGABLE 2.44M,1749.1400,PIEZA,1749.1400,2025-11-20 18:05:09.333,0.000000
1.0000,MESA PLEGABLE 2.44M,1749.1400,PIEZA,1749.1400,2025-11-20 18:04:06.670,0.000000
8.0000,SILLA PLEGABLE,4406.9000,PIEZA,550.8600,2025-11-20 18:04:06.670,0.000000
45.0000,Gas Licuado de Petróleo,417.4140,LT,9.2760,2025-11-20 18:04:06.670,0.000000
1.0000,COLCHON INDIVIDUAL MEMORY FOAM CON RESORTE ORTOPEDICO,1231.9000,EACH,1231.9000,2025-11-20 18:03:08.170,0.000000
1.0000,COLCHON INDIVIDUAL MEMORY FOAM CON RESORTE ORTOPEDICO,1231.9000,EACH,1231.9000,2025-11-20 18:03:08.170,0.000000
1.0000,MESA PLEGABLE 2.44M,1749.1400,PIEZA,1749.1400,2025-11-20 18:03:08.170,0.000000
7.0000,SILLA PLEGABLE,3856.0300,PIEZA,550.8600,2025-11-20 18:03:08.170,0.000000
1.0000,E DOMICILIO,0.0000,PIEZAS,0.0000,2025-11-20 18:03:08.170,0.000000
1.0000,REFRIGERAD,4215.5170,PIEZAS,4215.5170,2025-11-20 18:03:08.170,0.000000
8.3370,GASOLINA REGULAR MIN. 87 OCTANOS,173.0700,NULL,20.7600,2025-11-20 17:59:08.420,0.000000
21.0170,Regular,432.6900,Litros,20.5870,2025-11-20 17:59:08.420,0.000000
12.0000,Abrazadera de  3 1/4,155.1720,NULL,12.9310,2025-11-20 17:59:08.420,0.000000
1.0000,Llave de taladro 1/2,32.7590,NULL,32.7590,2025-11-20 17:59:08.420,0.000000
1.0000,SERVICIO DE PEAJE Y CRUCE CARRETERO GUAYMAS 2025-10-24 08:25:17,39.6600,PEAJE,39.6600,2025-11-20 17:57:07.757,0.000000
1.0000,SERVICIO DE PEAJE Y CRUCE CARRETERO FUNDICION 2025-10-24 10:54:30,93.9700,PEAJE,93.9700,2025-11-20 17:57:07.757,0.000000
1.0000,SERVICIO DE PEAJE Y CRUCE CARRETERO GUAYMAS 2025-10-24 16:55:46,39.6600,PEAJE,39.6600,2025-11-20 17:57:07.757,0.000000
1.0000,SERVICIO DE PEAJE Y CRUCE CARRETERO FUNDICION 2025-10-24 14:07:59,93.9700,PEAJE,93.9700,2025-11-20 17:57:07.757,0.000000
1.0000,CONSUMO - Latte Vainilla Light Gde,53.4500,PIEZA,53.4500,2025-11-20 17:54:08.937,0.000000
1.0000,CONSUMO - Latte Vainilla Light CH,44.8300,PIEZA,44.8300,2025-11-20 17:54:08.937,0.000000
1.0000,CONSUMO - Mex Regular Gde,30.1700,UNO,30.1700,2025-11-20 17:54:08.937,0.000000
1.0000,CONSUMO - Mex Regular Gde,30.1700,UNO,30.1700,2025-11-20 17:54:08.937,0.000000
1.0000,CONSUMO - Mex C L Deslact Gde,33.6200,UNO,33.6200,2025-11-20 17:54:08.937,0.000000
1.0000,CONSUMO - Mex C L Deslact Gde,33.6200,UNO,33.6200,2025-11-20 17:54:08.937,0.000000
1.0000,CONSUMO - Croissant Caliente Jamón Queso,64.6600,UNO,64.6600,2025-11-20 17:54:08.937,0.000000
1.0000,CONSUMO - Mex C L Deslact Gde,33.6200,UNO,33.6200,2025-11-20 17:54:08.937,0.000000
40.0000,2. MAGNA (Despacho 4821249-0),830.3800,Litros,20.7600,2025-11-20 17:54:08.937,0.000000
1.0000,CONSUMO - Croissant Caliente Jamón Queso,64.6600,UNO,64.6600,2025-11-20 17:54:08.937,0.000000
1.0000,CONSUMO - Latte Vainilla DF Light Gde,53.4500,PIEZA,53.4500,2025-11-20 17:54:08.937,0.000000
1.0000,CONSUMO - Capu Grande DF Vainilla Lig,50.8600,UNO,50.8600,2025-11-20 17:54:08.937,0.000000
8.0000,TAQUETE PLASTICO 1/4,3.9200,PIEZA,0.4900,2025-11-20 17:53:08.210,0.000000
8.0000,PIJA FIJADORA 8 X 1  1/2,5.5200,PIEZA,0.6900,2025-11-20 17:53:08.210,0.000000
1.0000,PILA ALKALINA D,50.8600,PIEZA,50.8600,2025-11-20 17:53:08.210,0.000000
4.0000,TUERCA IZQUIERDA P/PIG  TAIL,50.0000,PIEZA,12.5000,2025-11-20 17:53:08.210,0.000000
2.0000,CADENA VICTOR GRANEL,28.4400,METRO,14.2200,2025-11-20 17:53:08.210,0.000000
1.0000,"CLAVO P/CONCRETO 3"" BLISTER",8.6200,PIEZA,8.6200,2025-11-20 17:53:08.210,0.000000
3.0000,BROCA P/CONCRETO 1/4,49.1400,PIEZA,16.3800,2025-11-20 17:53:08.210,0.000000
1.0000,PISTOLA P/RIEGO JARDIN,66.3800,PIEZA,66.3800,2025-11-20 17:53:08.210,0.000000
1.0000,CONSUMO DE ALIMENTOS,545.6900,SERVICIO,545.6900,2025-11-20 17:53:08.210,0.000000
1.0000,CUARTOS DE HOTEL DIAS 16/11/2025,1092.4400,DAY,1092.4400,2025-11-20 17:53:08.210,0.000000
38.0000,Regular,788.8700,Litros,20.7600,2025-11-20 17:52:10.083,0.000000
42.0000,Magna,871.9000,Litros,20.7600,2025-11-20 17:52:10.083,0.000000
1.0000,Consumo de servicio de Restaurante con folio 45317,422.4140,Servicio,422.4140,2025-11-20 17:52:10.083,0.000000
1.0000,Consumo de servicio de Restaurante con fecha 10-11-2025 y folio 117443,558.6210,Servicio,558.6210,2025-11-20 17:52:10.083,0.000000
1.0000,Calzado de seguridad Wolf modelo 2487 café #8,560.3400,NULL,560.3400,2025-11-20 17:52:10.083,0.000000
1.0000,Cargo por Habitacion,920.0000,Servicio,920.0000,2025-11-20 17:49:08.443,0.000000
1.0000,Cargo por Habitacion,920.0000,Servicio,920.0000,2025-11-20 17:49:08.443,0.000000
1.0000,Cargo por Habitacion,920.0000,Servicio,920.0000,2025-11-20 17:49:08.443,0.000000
1.0000,Cargo por Habitacion,920.0000,Servicio,920.0000,2025-11-20 17:49:08.443,0.000000
1.0000,02 SUPER STAR CJR,224.1380,NULL,224.1380,2025-11-20 17:49:08.443,0.000000
1.0000,CONSUMO,1176.7200,SERVICIO,1176.7200,2025-11-20 17:49:08.443,0.000000
1.0000,CONSUMO DE ALIMENTOS,150.8620,PZA,150.8620,2025-11-20 17:49:08.443,30.000000
2.0000,Habitación Estándar,2739.5000,NULL,1369.7480,2025-11-20 17:38:11.247,0.000000
1.0000,REGIO,102.5860,PIEZAS,102.5860,2025-11-20 17:37:09.397,28.000000
1.0000,GV BOLSA,30.1720,PIEZAS,30.1720,2025-11-20 17:37:09.397,28.000000
1.0000,GV BOLSA,20.2590,PIEZAS,20.2590,2025-11-20 17:37:09.397,28.000000
1.0000,AU AZUCAR,26.0000,PIEZAS,26.0000,2025-11-20 17:37:09.397,28.000000
1.0000,CUCH CH GV60,17.2410,PIEZAS,17.2410,2025-11-20 17:37:09.397,28.000000
1.0000,GV LAV 750,27.5860,PIEZAS,27.5860,2025-11-20 17:37:09.397,28.000000
1.0000,DOLCA,110.0000,PIEZAS,110.0000,2025-11-20 17:37:09.397,28.000000
1.0000,PINOL FLOR,17.2410,PIEZAS,17.2410,2025-11-20 17:37:09.397,28.000000
1.0000,ART.23 FRACC.XVII INC A) LIEJ TRAMITE DE BAJA DE VEHÍCULOS REGISTRADOS EN EL ESTADO.- VEHICULOS AUTO,395.0000,93161700,395.0000,2025-11-20 17:37:09.397,0.000000
45.6400,32025                G-SUPER,922.2900,LITRO,20.2080,2025-11-20 17:30:09.170,0.000000
1.0000,SERVICIO DE HOSPEDAJE,4000.4800,Unidad de servicio,4000.4800,2025-11-20 17:24:10.483,0.000000
1.0000,"ARCHIVO EXP OD CTA 7COMP NG-MC, Fecha del pedimento: 2025-01-09 17:32:00",158.6200,PIEZA,158.6210,2025-11-20 17:23:11.040,0.000000
75.0000,COP-IMP OPAL D-CTA COL 51-100H,1293.1000,PIEZA,17.2410,2025-11-20 17:23:11.040,0.000000
33.7750,Premium,765.8000,Litros,22.6730,2025-11-20 17:20:06.657,0.000000
1.0000,SERVICIOS DE CAFETERÍA AL 16%,205.1700,Servicio,205.1700,2025-11-20 17:14:10.090,0.000000
1.0000,COMBO BLATT MEDIANA POLLO,150.0000,PZA,150.0000,2025-11-20 17:14:10.090,0.000000
1.0000,CONSUMO,175.8600,UNIDAD DE SERVICIO,175.8600,2025-11-20 17:14:10.090,0.000000
1.0000,SERVICIOS DE CAFETERÍA AL 16%,168.1000,Servicio,168.1000,2025-11-20 17:13:06.997,0.000000
1.0000,consumo de alimentos del día 19 de noviembre de 2025,81.9000,servicios,81.9000,2025-11-20 17:09:10.410,0.000000
1.0000,BOLSA BAS OPACIDAD TOTAL JARET,38.7900,Pieza,38.7900,2025-11-20 17:09:10.410,0.000000
1.0000,FIBRA ESP ARCOBALENO CORAZZI C,38.3600,Pieza,38.3600,2025-11-20 17:09:10.410,0.000000
1.0000,INSECTICIDA H24 PODER FULM C/A,64.5600,Pieza,64.5600,2025-11-20 17:09:10.410,0.000000
1.0000,LAVATRASTES LIMON PRECISSIMO 1,25.8600,PIEZA,25.8600,2025-11-20 17:09:10.410,0.000000
1.0000,LIMPIADOR BANO CLORALEX ANT/HO,51.6400,Pieza,51.6400,2025-11-20 17:09:10.410,0.000000
1.0000,LIMPIADOR FLASH BRISA MARINA 1,22.3300,Pieza,22.3300,2025-11-20 17:09:10.410,0.000000
1.0000,PANO ABSORBENTE POLYNEG 3PZ,25.7800,Pieza,25.7800,2025-11-20 17:09:10.410,0.000000
1.0000,PAPEL HIG 200HD SUAVEL 16 ROLL,65.9500,PIEZA,65.9500,2025-11-20 17:09:10.410,0.000000
2.0000,AGUA PURIFICADA EPURA 101 LTS,97.0000,EA,48.5000,2025-11-20 16:59:08.683,0.000000
1.0000,LIMA 500ML Correspondiente al tiquet:B90G-251338 Con Fecha: 2025-11-19,40.5200,UN,40.5200,2025-11-20 16:59:08.683,0.000000
1.0000,ALAMBRE DE COSTILLA,227.5900,UN,227.5900,2025-11-20 16:59:08.683,0.000000
1.0000,Peaje para el uso o goce de la carretera (1 ticket),62.0690,NA,62.0690,2025-11-20 16:56:05.553,0.000000
1.0000,PEAJE EFECTIVO DEL 04 Nov 2025,42.2400,NULL,42.2400,2025-11-20 16:56:05.553,0.000000
1.0000,PEAJE EFECTIVO DEL 05 Nov 2025,42.2400,NULL,42.2400,2025-11-20 16:56:05.553,0.000000
1.0000,Pago de estacionamiento,25.8600,SERVICIO,25.8600,2025-11-20 16:54:09.657,0.000000
1.0000,Comisión por servicio Parco,3.4500,SERVICIO,3.4500,2025-11-20 16:54:09.657,0.000000
4.0000,Tarjeta De Memoria Kingston Sdcs2/256gb Canvas Select Plus 256gb,1220.6800,NULL,305.1700,2025-11-20 16:52:11.550,0.000000
1.0000,CONSUMO EN ALIMENTOS,223.2800,UNIDAD DE SERVICIO,223.2800,2025-11-20 16:51:09.423,0.000000
3.1540,HORAS DE ESTACIONAMIENTO EN LA VÍA PUBLICA,35.3450,SERVICIO,11.2070,2025-11-20 16:50:10.617,0.000000
1.0000,Alimentos preparados,706.9000,SRV,706.9000,2025-11-20 16:43:10.507,0.000000
38.8530,32025                G-SUPER,785.1400,LITRO,20.2080,2025-11-20 16:38:11.900,0.000000
1.0000,EL CALIFA ALIMENT Y,553.4500,NULL,553.4500,2025-11-20 16:38:11.900,0.000000
1.0000,"NO MAS CLAVO 113g ""RESISTOL""",60.3450,NULL,60.3450,2025-11-20 16:38:11.900,0.000000
1.0000,"SILICON BLANCO 70g ""FORTE"" COD 16-0218",25.8620,NULL,25.8620,2025-11-20 16:38:11.900,0.000000
1.0000,HOSPEDAJE,688.2350,Habitación,688.2350,2025-11-20 16:36:10.940,0.000000
1.0000,Servicios de buses con horarios programados,913.7900,Unidad de servicio,913.7900,2025-11-20 16:31:14.417,0.000000
1.0000,Schorle Maracuya,89.6600,Unidad de servicio,89.6600,2025-11-20 16:24:05.753,0.000000
1.0000,Croque Monsieur GG,211.2100,Unidad de servicio,211.2100,2025-11-20 16:24:05.753,0.000000
1.0000,ENS DE FRUTOS ROJOS,159.4800,Unidad de servicio,159.4800,2025-11-20 16:24:05.753,0.000000
1.0000,SERVICIOS DE CAFETERÍA AL 16%,436.2100,Servicio,436.2100,2025-11-20 16:22:06.940,0.000000
1.0000,CONSUMO DE ALIMENTOS Y BEBIDAS,262.9310,SERVICIO,262.9310,2025-11-20 16:20:11.250,0.000000
1.0000,SERVICIO PUBLICO FEDERAL DE TRANSPORTE DE PERSONAS,910.3400,NULL,910.3400,2025-11-20 16:16:09.167,0.000000
1.0000,68806M  PREPARACION DE L,85.3400,NULL,85.3400,2025-11-20 16:16:09.167,0.000000
1.0000,HIELO  PURIFICADO ENVASADO OXXO 5 KG BOLSA,44.5000,EA,44.5000,2025-11-20 16:16:09.167,0.000000
4.0000,AGUA PURIFICADA BIOLEVE 6L,132.0000,EA,33.0000,2025-11-20 16:16:09.167,0.000000
2.0000,AGUA MINERAL TOPO CHICO 600 ML BOTELLA NO RETORNABLE,36.2070,EA,18.1030,2025-11-20 16:16:09.167,0.000000
3.0000,AGUA PURIFICADA ELECTROPURA 1 LT BOTE,48.0000,EA,16.0000,2025-11-20 16:16:09.167,0.000000
1.0000,LEVITE PINA COCO 1LT,22.4140,EA,22.4140,2025-11-20 16:16:09.167,0.000000
1.0000,AGUA NATURAL BONAFONT 1 LT BOTELLA,17.0000,EA,17.0000,2025-11-20 16:16:09.167,0.000000
1.0000,BE LIGHT MANZANA 1 LTS PET 6,17.2410,EA,17.2410,2025-11-20 16:15:10.413,0.000000
1.0000,SANDWICH DON TELLO ENSALADA DE POLLO 115G,25.8620,EA,25.8620,2025-11-20 16:15:10.413,0.000000
1.0000,SANDWICH DON TELLO ENSALADA POLLO JAMON Y QUESO 155G,25.8620,EA,25.8620,2025-11-20 16:15:10.413,0.000000
1.0000,BONAFONT AGUAS FRESCAS PINA 1 LITRO,23.0000,EA,23.0000,2025-11-20 16:15:10.413,0.000000
1.0000,BERELEX SUPER SATIN BASE ACCENT 1 L,206.0300,PIEZA,206.0300,2025-11-20 16:14:10.630,0.000000
1.0000,PILA DE BOTON DURACELL CR2032 2 PIE,79.3100,PIEZA,79.3100,2025-11-20 16:14:10.630,0.000000
1.0000,"BROCHA POLYESTER BYP 2.5""",50.8600,PIEZA,50.8600,2025-11-20 16:14:10.630,0.000000
1.0000,REPARACION DE LLANTA RIN 16,150.0000,SERVICIO,150.0000,2025-11-20 16:14:10.630,0.000000
1.0000,DESMOTAJE DE LLANTA,100.0000,SERVICIO,100.0000,2025-11-20 16:14:10.630,0.000000
1.0000,CHOKIS GAME CLASIC 76GR,27.0000,NULL,27.0000,2025-11-20 16:10:11.617,9.000000
1.0000,MARINEL DUO  NUEZ 96GR,40.0000,NULL,40.0000,2025-11-20 16:10:11.617,9.000000
1.0000,RELLENO CAPUCCINO COAH,21.9810,NULL,21.9810,2025-11-20 16:10:11.617,9.000000
1.0000,BE-LIGHT AGUA JAMAICA 1LT,21.1210,NULL,21.1210,2025-11-20 16:09:09.370,0.000000
1.0000,Consumo de alimentos y bebidas,340.5200,Servicio,340.5200,2025-11-20 16:07:08.863,0.000000
1.0000,CHOKIS GAME CLASIC 76GR,27.0000,NULL,27.0000,2025-11-20 16:07:08.863,0.000000
1.0000,Servicio de comida rápida,111.2100,Unidad de Servicio,111.2100,2025-11-20 16:07:08.863,0.000000
1.0000,AGUA PURIFICADA BONAFONT 20 LT GARRAFON,62.0000,EA,62.0000,2025-11-20 16:06:07.793,0.000000
5.0000,"SERVICIO A EXTINTOR 9,0 KG PQS ABC nom",2450.0000,NULL,490.0000,2025-11-20 16:06:07.793,0.000000
2.0000,"SERVICIO A EXTINTOR 4,5 KG PQS ABC nom",680.0000,NULL,340.0000,2025-11-20 16:06:07.793,0.000000
1.0000,"SERVICIO A UNIDAD MOVIL 50,0 KG PQS ABC nom",1750.0000,NULL,1750.0000,2025-11-20 16:06:07.793,0.000000
2.0000,"SERVICIO A EXTINTOR 6,0 KG PQS ABC nom",780.0000,NULL,390.0000,2025-11-20 16:06:07.793,0.000000
2.0000,"SERVICIO A EXTINTOR 4,5 KG CO2 BC nom",980.0000,NULL,490.0000,2025-11-20 16:06:07.793,0.000000
12.0000,SEÑALAMIENTOS EXTINTOR,1140.0000,NULL,95.0000,2025-11-20 16:06:07.793,0.000000
9.0000,BASE PARA EXTINTOR,675.0000,NULL,75.0000,2025-11-20 16:06:07.793,0.000000
1.0000,GREATVALUE,164.6550,PIEZAS,164.6550,2025-11-20 16:06:07.793,48.000000
1.0000,GV VASO TERM,17.2410,PIEZAS,17.2410,2025-11-20 16:06:07.793,48.000000
2.0000,PETALO,55.1720,PIEZAS,27.5860,2025-11-20 16:06:07.793,48.000000
1.0000,Servicio de comida rápida,51.7200,Unidad de Servicio,51.7200,2025-11-20 16:06:07.793,0.000000
1.0000,HOSPEDAJE 15 Y 16 NOVIEMBRE 2025 HAB: 9 Y 13,2333.3330,E48,2333.3330,2025-11-20 16:05:10.830,0.000000
1.0000,MICHEMIX ESPECIAL 240 ML,37.0000,EA,37.0000,2025-11-20 16:04:10.160,0.000000
1.0000,BE LIGHT MANZANA 1 LTS PET 6,17.2410,EA,17.2410,2025-11-20 16:04:10.160,0.000000
1.0000,Estacionamiento de autos,651.7200,Servicio,651.7200,2025-11-20 16:03:07.813,0.000000
1.0000,CONSUMO DE ALIMENTOS,265.5170,Unidad de servicio,265.5170,2025-11-20 16:02:08.217,0.000000
3.0000,Consumo,600.0000,Unidad de servicio,200.0000,2025-11-20 16:02:08.217,0.000000
1.0000,Consumo del día Martes 11 de Noviembre de 2025 (Cheque: 366371),213.7900,NULL,213.7900,2025-11-20 16:02:08.217,0.000000
1.0000,PQT. DE ALIMENTOS (CONSUMO: 2025-11-20) FOLIO(0682100332532451),394.8300,Paquete,394.8300,2025-11-20 15:58:07.107,0.000000
1.0000,CONSUMO DE ALIMENTOS Y BEBIDAS,1327.5860,NULL,1327.5860,2025-11-20 15:51:09.280,0.000000
8.0000,"FOCO LED 10W TIANLAI B03W10, Notas de venta con folios : MAT206183 $83.24.",71.7600,PIEZA,8.9700,2025-11-20 15:48:10.933,0.000000
1.0000,Tarifa,50.9500,Unidad de servicio,50.9500,2025-11-20 15:40:08.810,0.000000
1.0000,CONTRIBUCIÓN GUBERNAMENTAL: 1.5%,0.7400,NO APLICA,0.7400,2025-11-20 15:40:08.810,0.000000
1.0000,AGUA PURIFICADA EPURA 101 LTS,48.5000,EA,48.5000,2025-11-20 15:39:10.623,0.000000
1.0000,BOLSA HIELO STAR 5KG,31.5000,EA,31.5000,2025-11-20 15:39:10.623,0.000000
1.0000,Ticket 1 - Caseta: GUADALUPE Carril: 7 Fecha: 19/11/2025 Hora:  03:50:26 p. m,84.0000,Cuota de Peaje,84.0000,2025-11-20 15:38:09.583,0.000000
1.0000,Ticket 1 - Caseta: GUADALUPE Carril: 5 Fecha: 15/11/2025 Hora:  08:24:01 a. m,84.0000,Cuota de Peaje,84.0000,2025-11-20 15:37:11.543,0.000000
1.0000,Ticket 1 - Caseta: GUADALUPE Carril: 7 Fecha: 14/11/2025 Hora:  02:59:34 p. m,84.0000,Cuota de Peaje,84.0000,2025-11-20 15:37:11.543,0.000000
1.0000,Ticket 1 - Caseta: APODACA Carril: 8 Fecha: 13/11/2025 Hora:  09:20:34 a. m,174.0000,Cuota de Peaje,174.0000,2025-11-20 15:37:11.543,0.000000
1.0000,Ticket 1 - Caseta: GUADALUPE Carril: 8 Fecha: 18/11/2025 Hora:  03:02:28 p. m,84.0000,Cuota de Peaje,84.0000,2025-11-20 15:36:10.340,0.000000
1.0000,Ticket 1 - Caseta: GUADALUPE Carril: 7 Fecha: 15/11/2025 Hora:  05:11:27 p. m,84.0000,Cuota de Peaje,84.0000,2025-11-20 15:36:10.340,0.000000
1.0000,Ticket 1 - Caseta: GUADALUPE Carril: 7 Fecha: 13/11/2025 Hora:  04:32:05 p. m,84.0000,Cuota de Peaje,84.0000,2025-11-20 15:36:10.340,0.000000
1.0000,Flete (APO00294743),1127.1900,NULL,1127.1900,2025-11-20 15:31:11.950,0.000000
1.0000,Servicio ocurre,107.3000,NULL,107.3000,2025-11-20 15:31:11.950,0.000000
1.0000,Costo por ajuste de combustible,6.1000,NULL,6.1000,2025-11-20 15:31:11.950,0.000000
1.1900,LAMINA NEGRA 4 x 10 Cal. 11 R/C (1.22 X 3.05 mts),866.3200,METROS,728.0000,2025-11-20 15:24:10.073,0.000000
2.6800,LAMINA NEGRA 4 x 10 Cal. 11 R/C (1.22 X 3.05 mts)4 pzas de 1.22 mts x .67 cms,1951.0400,METROS,728.0000,2025-11-20 15:24:10.073,0.000000
5.0000,CORTE DE MATERIAL,300.0000,NULL,60.0000,2025-11-20 15:24:10.073,0.000000
6.0000,"ANILLO P/ENGANCHAR SOLDADO VEKER 3/16"" X 1 1/2"" NIQ. (ARO)",27.0000,PIEZAS,4.5000,2025-11-20 15:24:10.073,0.000000
1.0000,CONSUMO,623.2760,NULL,623.2760,2025-11-20 15:23:10.557,0.000000
1.0000,Consumo de Alimentos y Bebidas del día 11/11/2025,268.1000,NULL,268.1000,2025-11-20 15:23:10.557,0.000000
1.0000,SERVICIO DE TAXI DEL DIA 18 DE NOVIEMBRE 2025,151.9000,Tarífa,151.9000,2025-11-20 15:17:06.997,0.000000
1.0000,Un consumo de alimentos y bebidas,312.0700,NULL,312.0700,2025-11-20 15:15:08.573,0.000000
1.0000,"SERVICIO DE TRANSPORTE DE PRIMERA PLUS ON-RI 16/11/2025 COMPLETO, Beatriz Adriana Guerrero. VTA REALIZADA EN GUANAJUATO, No. , C",155.1700,Viaje,155.1700,2025-11-20 15:15:08.573,8.000000
1.0000,Alimentos y Bebidas,1293.1030,NULL,1293.1030,2025-11-20 15:14:10.980,0.000000
1.0000,Hospedaje,1072.2230,NULL,1072.2230,2025-11-20 15:14:10.980,0.000000
1.0000,1/2 POLLO,128.4500,PIEZA,128.4500,2025-11-20 15:14:10.980,0.000000
1.0000,QUESO FUNDIDO,90.5200,NULL,90.5200,2025-11-20 15:14:10.980,0.000000
1.0000,"CONSUMO DE ALIMENTOS Y BEBIDAS. Orden: 13, Fecha orden: 2025-11-19",264.6600,NULL,264.6600,2025-11-20 15:12:10.993,0.000000
1.0000,Consumo,93.9700,NULL,93.9700,2025-11-20 15:11:07.390,0.000000
1.0000,PQT. DE ALIMENTOS (CONSUMO: 2025-11-16) FOLIO(0671103962532013),361.2100,Paquete,361.2100,2025-11-20 15:10:11.630,0.000000
8.0000,CANALETA C/ PEGAMENTO 12 X 12MM CAN-1212 VOLTECK,310.3200,PZA,38.7900,2025-11-20 15:09:11.110,0.000000
1.0000,SILICON PEPE TRANSPARENTE 280 ML PENNSYLVANIA,64.6500,PZA,64.6500,2025-11-20 15:09:11.110,0.000000
1.0000,CABLE CAL 12 X ROLLO ARGOS,1224.1400,RLL,1224.1400,2025-11-20 15:09:11.110,0.000000
1.0000,BROCA P/ CONCRETO SDS BS-1/2 X 12 TRUPER,159.4800,PZA,159.4800,2025-11-20 15:09:11.110,0.000000
0.2500,590207 ENSALADA DE NOPAL 21 L,20.4700,PZ,81.8900,2025-11-20 15:04:09.250,0.000000
1.0000,591369 POLLO ROSTIZADO EN DOMO,106.8900,PZ,106.8900,2025-11-20 15:04:09.250,0.000000
2.0000,PAN DULCE GRANEL,23.1480,EA,11.5740,2025-11-20 15:00:08.887,0.000000
1.0000,POWERADE FRUTAS 1LT,36.6380,EA,36.6380,2025-11-20 15:00:08.887,0.000000
1.0000,PAPEL HIGIENICO AZALEA 1PZ,11.6380,EA,11.6380,2025-11-20 15:00:08.887,0.000000
1.0000,Consumo,210.3400,NULL,210.3400,2025-11-20 14:58:11.063,0.000000
1.0000,MED3P,150.0000,NULL,150.0000,2025-11-20 14:58:11.063,0.000000
1.0000,MEDIANA ORIGINAL CARNES FRIAS,150.0000,NULL,150.0000,2025-11-20 14:58:11.063,0.000000
2.0000,SKYY APPLETINI 275 ML,60.3450,EA,30.1720,2025-11-20 14:55:11.400,0.000000
1.0000,TOSTITOS XFH 62GR,21.7590,EA,21.7590,2025-11-20 14:55:11.400,0.000000
1.0000,PENAFIEL TWIST LIMON 600 ML NR,17.6720,EA,17.6720,2025-11-20 14:55:11.400,0.000000
1.0000,AGUA NATURAL BONAFONT 1 LT BOTELLA,17.0000,EA,17.0000,2025-11-20 14:49:11.893,0.000000
63.0670,PEMEX MAGNA,1309.2500,LITROS,20.7600,2025-11-20 14:45:09.990,0.000000
1.0000,CONSUMO DE ALIMENTOS DEL DIA 15 DE NOVIEMBRE DE 2025,117.2400,SERVICIO,117.2400,2025-11-20 14:44:09.080,0.000000
1.0000,CONSUMO DE ALIMENTOS,862.0700,SER,862.0700,2025-11-20 14:42:07.597,0.000000
1.0000,Room Revenue,1291.1900,Actividad,1291.1900,2025-11-20 14:42:07.597,0.000000
1.0000,AGUA MINERAL TOPO CHICO 600 ML BOTELLA NO RETORNABLE,20.6900,EA,20.6900,2025-11-20 14:42:07.597,0.000000
1.0000,20OZ CAPUCHINO SIN AZUCAR,34.4830,EA,34.4830,2025-11-20 14:42:07.597,0.000000
1.0000,GELATINA ROLY BOTE MOSAICO 300G,26.5000,EA,26.5000,2025-11-20 14:42:07.597,0.000000
1.0000,ICE BREAKERS MENTA 9.6 GRS,18.0000,EA,18.0000,2025-11-20 14:42:07.597,0.000000
1.0000,SANDWICH DELIXIA INT CARNES FRIAS,45.5000,EA,45.5000,2025-11-20 14:42:07.597,0.000000
38.0000,Gas licuado de petróleo REM01238119,355.7600,LT,9.3620,2025-11-20 14:40:07.733,0.000000
50.0210,PEMEX MAGNA,1038.4140,LITROS,20.7600,2025-11-20 14:34:09.880,0.000000
2.0000,BONAFON AGUA PET 20LT,136.0000,NULL,68.0000,2025-11-20 14:34:09.880,0.000000
1.0000,PAPEL HIGIENICO PREMIER,125.0000,NULL,125.0000,2025-11-20 14:34:09.880,0.000000
1.0000,PH Adorable 270 H 12pz,56.8100,NULL,56.8100,2025-11-20 14:34:09.880,0.000000
3.0000,Toalla de cocina 1 rollo,55.6000,NULL,18.5300,2025-11-20 14:34:09.880,0.000000
1.0000,HCF CRACKERS MINI,32.8700,NULL,32.8700,2025-11-20 14:34:09.880,0.000000
2.0000,NUTRILECHE UHT FORMULA LA,39.8000,NULL,19.9000,2025-11-20 14:34:09.880,0.000000
1.0000,CHOCOLATE GRANULADO 320G,51.7600,NULL,51.7600,2025-11-20 14:34:09.880,0.000000
1.0000,SURTIDO FINO 200g,43.4300,NULL,43.4300,2025-11-20 14:34:09.880,0.000000
1.0000,CAJA METALICA ACME MOD. CM2 PZ,413.7900,PIEZA,413.7930,2025-11-20 14:34:09.880,0.000000
1.0000,CONSUMO - Combo Kfreeze 12oz Reg + Espiral,76.7200,PIEZA,76.7200,2025-11-20 14:29:10.780,0.000000
1.0000,Extra topp sabores o extractos - Brownie,8.6200,UNO,8.6200,2025-11-20 14:29:10.780,0.000000
1.0000,Tarifa,77.5300,Unidad de servicio,77.5300,2025-11-20 14:22:13.600,0.000000
1.0000,Tarifa,163.7300,Unidad de servicio,163.7300,2025-11-20 14:22:13.600,0.000000
1.0000,Tarifa,189.6100,Unidad de servicio,189.6100,2025-11-20 14:20:13.057,0.000000
1.0000,Tarifa,51.6800,Unidad de servicio,51.6800,2025-11-20 14:20:13.057,0.000000
2.0000,PINTURA VINILICA BERELINTE #823 LTO,301.7200,LITRO,150.8600,2025-11-20 14:17:12.053,0.000000
1.0000,Tarifa,232.8400,Unidad de servicio,232.8400,2025-11-20 14:16:05.610,0.000000
1.0000,SERVICIO DE ALIMIENTOS Y BEBIDAS,308.3330,NULL,308.3330,2025-11-20 14:13:11.843,0.000000
1.0000,PAPAS CHIPS BARCEL 170 GR BOLSA JALAPENO,60.1850,EA,60.1850,2025-11-20 14:12:10.387,0.000000
1.0000,REFRESCO PEPSI 600 ML BOTELLA NO RETORNABLE COLA,14.6550,EA,14.6550,2025-11-20 14:12:10.387,0.000000
2.0000,COFLEX VIN.BOILER1/2FIPX1/2FIP-80CM,309.5500,PIEZA,154.7800,2025-11-20 14:12:10.387,1.000000
1.0000,CINTA TEFLON 3/4 X 260,6.9000,PIEZA,6.9000,2025-11-20 14:12:10.387,1.000000
1.0000,LIJA PARA PLOMERO 1 METRO,18.8400,PIEZA,18.8400,2025-11-20 14:12:10.387,1.000000
1.0000,"CINTA TEFLON P/GAS AMARILLA 1/2"" X",11.7500,PIEZA,11.7500,2025-11-20 14:12:10.387,1.000000
2.0000,CONECT ROSCA INT 13MM,34.8300,PIEZA,17.4200,2025-11-20 14:12:10.387,1.000000
1.0000,CODO COBRE 90 13MM,6.9600,PIEZA,6.9600,2025-11-20 14:12:10.387,1.000000
2.0000,"COPLE COBR 13MM 1/2""",10.5200,PIEZA,5.2600,2025-11-20 14:12:10.387,1.000000
2.0000,CONECT ROSCA EXT 13MM,25.3300,PIEZA,12.6700,2025-11-20 14:12:10.387,1.000000
3.0000,"RED CAMPANA COBR 19X13MM 3/4""X1/2""",39.7000,PIEZA,13.2300,2025-11-20 14:12:10.387,1.000000
2.0000,TUERCA UNIÓN 13MM COBRE,112.6000,PIEZA,56.3000,2025-11-20 14:12:10.387,1.000000
3.0000,TUERCA UNIÓN 19MM COBRE,208.7600,PIEZA,69.5900,2025-11-20 14:12:10.387,1.000000
1.0000,SOFedExNacionalDíaSi,393.2600,No Aplica,393.2600,2025-11-20 14:12:10.387,118.000000
1.0000,PRODUCTOS DE CONFITERIA-PRODUCTOS DE CONFITERIA-HALLS EXTRA STRONG 30/12/25.2G,16.0000,PZA,16.0000,2025-11-20 14:11:11.497,0.000000
2.0000,PRODUCTOS DE CONFITERIA-PALETA ZUMBA RICA 22GR,20.0000,PZA,10.0000,2025-11-20 14:11:11.497,0.000000
1.0000,BOTANAS-DORITOS NACHOS 58 G,31.0000,PZA,31.0000,2025-11-20 14:11:11.497,0.000000
1.0000,BOTANAS-DORITOS DIABLO 58 G,31.0000,PZA,31.0000,2025-11-20 14:11:11.497,0.000000
2.0000,BEBIDAS NO ALCOHÓLICAS-CIEL MINERALIZADA 600 ML PET,44.8300,PZA,22.4100,2025-11-20 14:11:11.497,0.000000
1.0000,REFRESCO PEPSI 600 ML BOTELLA NO RETORNABLE COLA,14.6550,EA,14.6550,2025-11-20 14:11:11.497,0.000000
1.0000,AGUA PURIFICADA ELECTROPURA 1 LT BOTE,17.0000,EA,17.0000,2025-11-20 14:11:11.497,0.000000
1.0000,TRIDENT 4S FRESHMINT 5.2 GR,4.3100,EA,4.3100,2025-11-20 14:11:11.497,0.000000
1.0000,TRIDENT 4S YERBA 5.2 GR,4.3100,EA,4.3100,2025-11-20 14:11:11.497,0.000000
1.0000,CONSUMO DE ALIMENTOS DEL 6 DE NOVIEMBRE DEL 2025.,258.6210,NULL,258.6210,2025-11-20 14:10:13.270,0.000000
1.0000,SERVICIOS DE BUSES CON HORARIOS PROGRAMADOS-SERVICIOS DE VIAJE ADO GL XALAPA-MEXICO TAPO FOL. 110164591427 ASIENTO. 16 06/11/202,660.3400,UNIDAD DE SERVICIO,660.3400,2025-11-20 14:10:13.270,0.000000
1.0000,SERVICIOS DE BUSES CON HORARIOS PROGRAMADOS-SERVICIOS DE VIAJE ADO GL XALAPA-MEXICO TAPO FOL. 110164591428 ASIENTO. 15 06/11/202,660.3400,UNIDAD DE SERVICIO,660.3400,2025-11-20 14:10:13.270,0.000000
1.0000,PRODUCTOS DE LECHE Y MANTEQUILLA-YOG LALA BEB FRESA-MORA 220 GR,18.0000,PZA,18.0000,2025-11-20 14:10:13.270,0.000000
2.0000,PRODUCTOS DE CONFITERIA-PALETA ZUMBA RICA 22GR,20.0000,PZA,10.0000,2025-11-20 14:10:13.270,0.000000
1.0000,PRODUCTOS DE CONFITERIA-BIGOTES TIA ROSA CHOCOLATE 80,26.0000,PZA,26.0000,2025-11-20 14:10:13.270,0.000000
1.0000,-PLATANIN DULCE DE 80 GR,33.0000,PZA,33.0000,2025-11-20 14:10:13.270,0.000000
1.0000,PRODUCTOS DE CONFITERIA-CHOCOLATE MILKY WAY 48 GRS,30.0000,PZA,30.0000,2025-11-20 14:10:13.270,0.000000
1.0000,YRI,35.0000,NULL,35.0000,2025-11-20 14:10:13.270,0.000000
1.0000,TUA,1304.0000,NULL,1304.0000,2025-11-20 14:10:13.270,0.000000
1.0000,TRANSPORTACION AEREA,2173.2800,NULL,2173.2800,2025-11-20 14:10:13.270,0.000000
1.0000,Aeromexico Plus - Seats,289.6600,NULL,289.6600,2025-11-20 14:10:13.270,0.000000
1.0000,VUALA SORPRESA CAJETA 60GR,18.9810,EA,18.9810,2025-11-20 14:09:09.573,0.000000
1.0000,PAPAS CHIPS JALAPENO BARCEL 60 GR,30.5560,EA,30.5560,2025-11-20 14:09:09.573,0.000000
1.0000,REFRESCO PEPSI 1.5 L NRREGULAR,28.4480,EA,28.4480,2025-11-20 14:09:09.573,0.000000
1.0000,AGUA PURIFICADA BIOLEVE 1.5LT,15.0000,EA,15.0000,2025-11-20 14:09:09.573,0.000000
1.0000,TAKIS FUEGO BARCEL 80G,29.6300,EA,29.6300,2025-11-20 14:09:09.573,0.000000
1.0000,PRODUCTO AL 0%,59.0000,Servicio,59.0000,2025-11-20 14:05:09.477,0.000000
1.0000,SERVICIOS DE CAFETERÍA AL 16%,55.1700,Servicio,55.1700,2025-11-20 14:05:09.477,0.000000
1.0000,TARIFA AEREA PNR: FE1VUW,2946.0000,Unidad de servicio,2946.0000,2025-11-20 14:03:10.530,0.000000
1.0000,SERVICIOS ADICIONALES PNR: FE1VUW,562.5600,Unidad de servicio,562.5600,2025-11-20 14:03:10.530,0.000000
1.0000,CARGOS AEROPORTUARIOS,1302.3000,Unidad de servicio,1302.3000,2025-11-20 14:03:10.530,0.000000
1.0000,COMISION RECARGA IDMX,8.6210,NO APLICA,8.6210,2025-11-20 14:00:09.837,0.000000
1.0000,RECARGA IDMX,767.2410,NO APLICA,767.2410,2025-11-20 14:00:09.837,0.000000
1.0000,PILA ALCALINA RS AA 4PK 72299 FP:2025-11-18 17:20:46,60.3400,Pieza,60.3400,2025-11-20 13:56:09.107,82.000000
1.0000,BOLIG BIC PMED AZUL 12PK,46.5500,Caja,46.5500,2025-11-20 13:56:09.107,82.000000
1.0000,BOLIG BIC PMED NEGRO 12PK,46.5500,Caja,46.5500,2025-11-20 13:56:09.107,82.000000
2.0000,PAPEL OFFICE DEPOT CARTA RESMA FP:2025-11-18 17:20:38,153.4500,Pieza,76.7300,2025-11-20 13:56:09.107,82.000000
1.0000,CUENTAFACIL BLISTER C/2,30.2500,Pieza,30.2500,2025-11-20 13:56:09.107,82.000000
1.0000,PILA ALCALINA RS AAA 36PK 7217 FP:2025-11-18 17:20:49,268.0700,Pieza,268.0700,2025-11-20 13:56:09.107,82.000000
1.0000,TINTA BOT T544 NEG P/3210/3250/5290 EPSON,189.6600,PIEZA,189.6600,2025-11-20 13:52:10.847,0.000000
1.0000,BOLIGRAFO P/MED STICK MORADO CJA/12 KMETRICO,42.8400,PIEZA,42.8400,2025-11-20 13:52:10.847,0.000000
1.0000,"CARPETA ARG CTA 1""C/VENT BCO LEFORT",54.7400,PIEZA,54.7400,2025-11-20 13:52:10.847,0.000000
1.0000,MICA TRANSPARENTE T/CTA PTE/100 SMART,98.2800,Pieza,98.2800,2025-11-20 13:52:10.847,0.000000
1.0000,"CUADERNO ESP 200H PROF C-5 P/D ""T"" EXCELLEN",193.1000,PIEZA,193.1000,2025-11-20 13:52:10.847,0.000000
1.0000,CONVERTIDOR A TIERRA C/2 BCO AD-32B VOLTECK,21.2900,Pieza,21.2900,2025-11-20 13:52:10.847,0.000000
3.0000,EXTENSION ELEC 3 CONT 2M BCO ED-2B VOLTECK,100.8600,Pieza,33.6200,2025-11-20 13:52:10.847,0.000000
1.0000,TOALLAS LIMPIADORAS P/COMPUTAD C/20 PERFECT,32.7600,Pieza,32.7600,2025-11-20 13:52:10.847,0.000000
